ID,Word 1,Word 2,PoS,Annotator 1,Annotator 2,Annotator 3,Annotator 4,Annotator 5,Annotator 6,Annotator 7,Annotator 8,Annotator 9,Annotator 10
1,brazo,músculo,nouns,1,1,5,0,0,0,2,1,2,2
2,democracia,monarquía,nouns,0,0,3,0,0,0,2,1,3,4
3,tejado,techo,nouns,5,5,6,4,5,3,4,4,6,6
4,amigo,profesor,nouns,0,0,1,0,0,0,2,0,1,0
5,mano,pie,nouns,1,0,3,0,0,0,2,1,3,1
6,biografía,ficción,nouns,1,1,2,0,0,0,0,0,2,1
7,disco,ordenador,nouns,0,1,4,0,0,0,2,2,1,3
8,Esgrima,gimnasia,nouns,1,2,6,2,3,0,3,1,4,4
9,banco,asiento,nouns,5,5,6,5,5,5,5,5,5,5
10,emperador,constitución,nouns,0,0,4,0,0,0,1,2,3,2
11,pistola,truco,nouns,0,0,2,0,0,0,0,0,0,0
12,tamaño,magnitud,nouns,5,6,5,5,6,5,5,6,5,2
13,pelota,guante,nouns,0,0,5,0,0,0,2,0,2,2
14,oveja,ganado,nouns,1,0,5,3,3,0,4,4,5,2
15,lagartija,cocodrilo,nouns,1,1,5,2,4,0,4,3,4,2
16,amigo,huésped,nouns,0,2,6,0,0,0,1,2,4,1
17,cumpleaños,cita,nouns,0,0,5,2,1,0,1,2,3,0
18,coche,taxi,nouns,3,2,5,4,3,4,4,4,5,4
19,hueso,dientes,nouns,1,0,5,0,0,0,3,2,4,2
20,paraguas,calentador,nouns,0,0,0,0,0,0,0,0,1,1
21,frustración,enfado,nouns,1,5,5,5,3,5,5,5,5,6
22,activo,valores,nouns,0,1,3,3,5,0,4,0,6,4
23,acción,curso,nouns,3,3,3,2,0,0,0,0,0,2
24,celebracion,ceremonia,nouns,3,4,6,4,5,0,5,4,5,5
25,ensayo,tarea,nouns,2,3,5,3,3,4,5,1,5,2
26,circunnavegación,equipaje,nouns,0,0,3,0,2,0,1,1,3,1
27,populacho,multitud,nouns,3,3,6,3,0,0,5,4,5,3
28,hombro,cabeza,nouns,0,0,3,0,0,0,2,3,4,3
29,arquero,pionero,nouns,0,1,4,0,0,0,1,0,0,2
30,mito,sátira,nouns,1,1,6,1,0,0,4,3,2,2
31,ganador,candidato,nouns,0,0,4,1,2,0,2,2,5,1
32,combate,beligerancia,nouns,3,1,4,3,2,0,5,5,6,5
33,puerta,portón,nouns,5,5,5,5,6,0,5,6,6,6
34,bolos,jugador de bolos,nouns,0,1,6,3,0,0,2,1,4,4
35,circunstancia,situación,nouns,5,6,6,5,6,5,5,6,6,6
36,convocatoria,reunión,nouns,2,4,5,4,6,6,4,6,5,6
37,cuidado,precaución,nouns,5,6,6,6,6,6,4,6,6,6
38,gravedad,meteorito,nouns,0,0,4,0,0,0,2,1,4,3
39,cena,pollo,nouns,0,1,4,0,0,0,3,2,4,2
40,sensor,radiador,nouns,0,1,1,0,1,0,2,3,3,1
41,palomitas de maiz,cine,nouns,0,0,6,5,0,0,3,2,4,1
42,casa,apartamento,nouns,5,3,6,5,3,0,4,5,6,4
43,centavo,esposa,nouns,0,0,3,0,0,0,0,0,0,0
44,palabra,literatura,nouns,0,1,6,1,3,0,4,2,4,3
45,Escoba,polvo,nouns,0,0,0,1,0,0,2,2,4,0
46,snowboard,esquí,nouns,1,1,6,3,4,0,4,2,5,0
47,hijo,padre,nouns,0,1,5,1,0,0,4,0,4,1
48,semilla,mostaza,nouns,1,1,3,1,2,0,2,2,5,1
49,gato,Conejo,nouns,0,0,2,0,0,0,1,1,4,1
50,biólogo,microscopio,nouns,0,0,4,0,0,0,3,2,3,1
51,placa,vaso,nouns,0,0,3,0,2,0,0,0,0,2
52,chisme,Noticias,nouns,2,2,1,2,3,0,4,2,4,1
53,dado,cubo,nouns,1,2,5,3,4,6,3,2,4,5
54,torre,campana,nouns,0,0,6,0,0,0,3,2,4,2
55,programa informático,caso,nouns,0,0,4,0,1,0,0,0,1,0
56,Dios,sacerdote,nouns,0,0,5,0,0,0,3,2,4,2
57,río,Valle,nouns,1,0,5,1,0,5,2,2,5,3
58,automóvil,coche,nouns,5,5,6,6,6,6,6,6,6,3
59,madre,esposa,nouns,0,1,4,3,0,0,3,2,5,3
60,árbol,arce,nouns,1,1,6,3,4,5,3,4,5,5
61,arroz,niño,nouns,0,0,0,0,0,0,0,0,0,0
62,chico,semental,nouns,0,0,2,0,0,0,3,0,1,0
63,puerto,envoltura,nouns,0,0,1,0,0,0,0,0,0,0
64,inteligencia,lógica,nouns,1,4,5,3,3,3,5,3,5,2
65,día,Mañana,nouns,0,2,6,6,2,5,4,4,5,2
66,arma,casco,nouns,0,0,4,0,0,0,3,2,4,1
67,monasterio,ducha,nouns,0,0,0,0,0,0,0,0,0,0
68,ganador,presencia,nouns,0,0,4,0,0,0,0,0,0,0
69,televisión,cine,nouns,0,0,6,2,3,0,4,2,5,1
70,filete,carne,nouns,1,4,6,3,3,5,5,4,5,0
71,pistón,motor,nouns,0,1,5,1,4,0,3,3,4,1
72,virus,sangre,nouns,0,0,4,0,0,0,3,1,3,1
73,hombre,centinela,nouns,0,0,4,0,0,0,1,1,3,0
74,oveja,Cordero,nouns,2,4,6,2,6,5,3,5,5,0
75,coche,autopista,nouns,0,0,5,0,0,0,2,1,4,2
76,resistencia,fuerza,nouns,3,3,6,2,2,0,4,4,4,2
77,entropía,información,nouns,0,0,3,1,0,0,0,1,0,3
78,ruido,traqueteo,nouns,1,4,5,2,5,0,5,3,4,5
79,dinero,salario,nouns,0,3,6,4,5,2,5,4,5,3
80,profesor,ayudante,nouns,0,1,5,0,0,0,0,0,3,2
81,autor,creador,nouns,5,3,6,5,6,6,6,5,5,6
82,papel pintado,fondo,nouns,0,1,4,2,0,0,2,3,3,1
83,cerveza,champán,nouns,0,0,3,0,0,0,3,2,4,1
84,capacidad,competencia,nouns,4,0,5,2,1,0,5,5,6,2
85,mano,muñeca,nouns,0,1,5,2,0,0,3,3,4,4
86,capítulo,elección,nouns,0,0,2,0,0,0,1,0,0,2
87,agosto,mes,nouns,1,2,6,4,2,3,4,2,5,1
88,curso,estómago,nouns,0,0,0,0,0,0,0,0,1,0
89,monje,cruzar,nouns,0,0,0,0,0,0,0,0,0,1
90,estrella,brillo,nouns,0,2,6,3,3,0,4,2,4,3
91,visión,percepción,nouns,2,4,6,4,4,5,5,5,6,4
92,vino,brandy,nouns,0,0,3,0,2,0,2,2,5,2
93,habitación,bañera,nouns,0,0,3,0,0,0,1,0,3,0
94,pasillo,corredor,nouns,5,5,6,5,6,6,4,6,6,4
95,naranja,cítrico,nouns,1,2,6,3,3,0,4,4,5,2
96,Iglesia,coro,nouns,0,0,4,0,0,0,2,2,4,0
97,ropa,cajón,nouns,0,0,6,0,0,0,1,2,3,1
98,día,amanecer,nouns,0,0,6,2,1,5,3,4,4,1
99,bestia,animal,nouns,4,4,6,3,6,6,2,3,6,1
100,tarro,botella,nouns,0,0,4,3,5,0,2,2,5,2
101,río,mar,nouns,0,1,5,4,2,0,3,2,4,3
102,hecho,visión,nouns,0,0,2,0,0,0,0,0,2,1
103,tribunal,justicia,nouns,1,4,6,3,2,0,3,2,4,1
104,pasado,antecedente,nouns,1,5,5,2,5,0,5,4,6,1
105,globalismo,visado,nouns,0,0,4,0,0,0,0,2,2,0
106,monstruo,demonio,nouns,1,5,6,2,3,4,3,2,5,2
107,abogado,banquero,nouns,0,0,5,0,0,0,0,2,4,3
108,cuchara,vaso,nouns,0,0,4,0,0,0,1,2,4,1
109,segundo,minuto,nouns,0,1,6,2,2,0,3,3,5,3
110,felicidad,tristeza,nouns,0,0,0,0,0,0,3,2,2,1
111,galaxia,astrónomo,nouns,0,0,5,0,0,0,4,2,4,1
112,obrero,cámara,nouns,0,0,0,0,0,0,0,0,0,1
113,riñón,órgano,nouns,1,4,6,4,2,4,4,3,4,0
114,fútbol,fútbol americano,nouns,1,1,4,3,4,0,2,2,4,4
115,chico,niña,nouns,0,1,0,0,0,0,2,2,4,3
116,niño,hermano,nouns,0,1,3,4,0,0,3,1,3,2
117,intercambio,reemplazo,nouns,4,2,3,5,2,0,3,2,6,5
118,poeta,periodista,nouns,0,0,2,0,0,0,1,0,5,1
119,recordatorio,diferencia,nouns,0,0,2,0,0,0,0,0,2,0
120,vaca,cabra,nouns,0,0,1,0,0,0,2,2,4,4
121,parlamento,congreso,nouns,3,1,6,2,3,0,6,4,6,5
122,divertido,fútbol,nouns,0,0,6,0,0,0,3,0,3,0
123,riqueza,pobreza,nouns,0,0,0,0,0,0,0,0,2,0
124,taxi,autobús,nouns,1,0,4,1,3,0,3,1,4,3
125,alcohol,Ginebra,nouns,2,0,5,1,3,0,4,2,4,2
126,corazón,cirugía,nouns,0,0,3,0,0,0,2,1,4,0
127,elegancia,estilo,nouns,3,5,5,4,4,0,5,4,6,5
128,ganado,ternera,nouns,0,1,5,3,4,5,5,3,5,4
129,tarea,autopista,nouns,0,0,0,0,0,0,0,0,1,0
130,noche,día,nouns,0,0,0,0,0,0,1,2,3,4
131,envase,ratón,nouns,0,0,0,0,0,0,0,0,1,0
132,juego,truco,nouns,1,0,4,2,2,0,3,2,4,2
133,ganado,yogur,nouns,0,0,3,0,0,0,0,0,3,0
134,avestruz,huerta,nouns,0,0,2,0,0,0,0,0,2,0
135,gente,globo,nouns,0,0,4,0,0,0,0,0,1,0
136,puerta,cocina,nouns,0,0,4,0,0,0,0,0,3,0
137,negocio,industria,nouns,2,5,5,4,1,0,3,3,6,2
138,contaminación,presidente,nouns,0,0,3,0,0,0,0,0,2,0
139,mar,océano,nouns,4,3,6,3,5,5,5,3,5,3
140,capilla,cable,nouns,0,0,0,0,0,0,0,0,0,0
141,ropa,botón,nouns,0,1,4,0,0,0,1,2,4,2
142,cubierta,ratón,nouns,0,0,0,0,0,0,0,0,0,0
143,negación,confesión,nouns,0,0,3,0,0,0,1,0,4,4
144,pelota,cañón,nouns,0,0,0,0,0,0,0,0,1,3
145,niña,niño,nouns,1,3,4,3,5,0,3,2,5,6
146,anatomía,biología,nouns,1,1,4,3,1,0,2,2,5,3
147,lácteos,miel,nouns,0,0,0,0,0,0,0,0,4,1
148,casa,granero,nouns,0,0,0,0,0,0,1,2,3,2
149,cena,sopa,nouns,0,2,5,2,1,0,3,2,4,2
150,accidente,catástrofe,nouns,2,3,5,4,2,0,3,4,6,5
151,curva,ángulo,nouns,1,0,4,3,0,0,3,4,5,2
152,personaje,persona,nouns,2,2,5,3,0,0,4,2,5,5
153,baloncesto,béisbol,nouns,0,1,2,0,1,0,2,2,4,3
154,símbolo,firmar,nouns,0,1,4,0,0,0,0,0,4,1
155,Rey,princesa,nouns,0,2,1,0,0,0,3,2,5,5
156,Pareja,par,nouns,6,3,6,3,6,0,5,6,5,6
157,fotófono,homófono,nouns,0,0,4,0,0,0,0,0,0,4
158,objetivo,flecha,nouns,0,1,4,0,0,0,0,2,4,1
159,sacerdote,monje,nouns,3,2,4,1,5,0,4,3,6,5
160,estudiante,alumno,nouns,4,5,6,6,5,6,6,6,6,5
161,bebé,hija,nouns,2,1,5,2,2,0,5,2,5,5
162,manzana,salsa,nouns,0,0,0,0,0,0,0,0,4,2
163,Príncipe,Rey,nouns,0,2,3,1,1,0,3,2,5,5
164,presencia,puerta,nouns,0,1,3,0,0,0,0,0,2,0
165,cama,sofá,nouns,0,1,4,2,1,0,2,2,5,4
166,géiser,primavera,nouns,0,0,5,0,0,0,0,0,1,0
167,dígito,número,nouns,4,1,6,4,5,6,5,6,6,6
168,hashtag,tema,nouns,0,1,6,1,6,0,3,3,3,2
169,confianza,yo,nouns,0,0,1,0,3,0,3,0,4,1
170,médico,ortodoncista,nouns,2,1,3,2,1,0,4,2,5,1
171,cárcel,elección,nouns,0,0,1,0,0,0,0,0,2,0
172,coche,ascensor,nouns,0,0,0,0,0,0,0,0,3,0
173,cámara,presidente,nouns,0,0,6,0,0,0,1,0,2,0
174,infección,inflexión,nouns,0,0,2,0,0,0,0,0,0,0
175,planta de semilla,hoja,nouns,0,0,4,0,0,0,1,2,4,4
176,condensador,diodo,nouns,0,0,4,2,0,0,3,2,5,5
177,raqueta,pelota,nouns,0,0,4,0,0,0,2,2,4,1
178,papel,cartulina,nouns,2,4,4,3,2,0,4,5,6,5
179,demonio,ángel,nouns,0,0,0,0,0,0,1,2,5,2
180,cama,silla,nouns,0,0,3,0,0,0,1,2,4,4
181,oro,zinc,nouns,0,0,2,0,1,0,2,2,4,2
182,moisés,cuna,nouns,0,0,1,3,5,0,4,5,3,0
183,subrutina,compilador,nouns,0,0,2,0,2,0,0,0,4,0
184,papá,madre,nouns,0,1,2,3,3,0,3,2,5,5
185,banda,desfile,nouns,0,0,4,2,1,0,3,2,4,4
186,enfermedad,infección,nouns,2,3,6,3,2,0,4,3,6,3
187,cuerpo,estómago,nouns,0,1,5,0,0,0,3,1,4,3
188,gato,mascota,nouns,1,1,6,3,3,3,4,4,4,4
189,buque,vena,nouns,0,0,0,0,0,0,0,0,0,0
190,madre,guardián,nouns,0,0,5,0,3,0,1,1,5,2
191,vexilología,bandera,nouns,0,0,6,0,0,0,0,2,5,0
192,sentido,intuición,nouns,2,2,6,3,4,4,3,0,6,5
193,átomo,carbón,nouns,0,0,3,0,0,0,1,2,5,2
194,ópera,cine,nouns,0,1,2,0,0,0,2,2,5,2
195,himno,cañita,nouns,0,0,1,0,0,0,0,0,0,0
196,lógica,aritmética,nouns,1,0,4,2,0,0,4,2,5,3
197,matriz,vector,nouns,0,1,5,1,0,0,2,2,5,3
198,manzana,sol,nouns,0,0,4,0,0,0,0,0,1,0
199,magistrado,juez,nouns,3,1,5,3,3,0,3,3,6,5
200,uña,pulgar,nouns,0,1,5,0,0,0,3,1,4,3
201,dólar,millonario,nouns,0,0,4,0,0,0,1,1,4,1
202,asignación,tarea,nouns,4,3,5,3,6,6,5,5,6,6
203,escultura,estatua,nouns,5,5,5,4,5,6,5,6,6,6
204,obrero,mecánico,nouns,0,2,5,3,2,0,2,2,5,3
205,idea,esquema,nouns,3,0,5,2,5,4,2,3,4,2
206,proteína,asa,nouns,0,0,3,0,0,0,0,0,0,0
207,aviónica,aeronáutica,nouns,3,1,5,3,5,0,0,2,5,6
208,metro,yarda,nouns,1,0,5,1,3,0,2,2,5,3
209,ropa,tela,nouns,0,1,5,3,3,0,3,2,4,3
210,arzobispo,obispo,nouns,1,1,6,2,3,0,4,3,6,4
211,cañón,Valle,nouns,1,0,0,2,4,0,3,2,6,3
212,flor,arbusto,nouns,0,0,4,3,2,0,2,2,5,3
213,xenofobia,racismo,nouns,2,3,6,3,6,6,6,4,6,4
214,cama,cuna,nouns,2,1,5,2,4,0,3,3,5,5
215,pistola,cuchillo,nouns,0,0,5,0,1,0,2,2,4,3
216,tormenta,huracán,nouns,3,3,4,2,3,0,4,3,6,3
217,tarjeta madre,placa base,nouns,2,0,5,2,2,0,1,0,6,3
218,patología,hematología,nouns,0,0,4,0,0,0,2,2,5,3
219,cielo,universo,nouns,0,1,3,1,0,0,1,0,5,1
220,hombre,marido,nouns,0,0,3,1,0,0,3,1,4,6
221,póster,papel,nouns,0,1,6,1,1,0,3,1,4,2
222,artículo,diario,nouns,0,1,5,0,0,0,3,2,4,2
223,altitud,conversión,nouns,0,0,4,0,0,0,1,0,1,1
224,multimillonario,indigente,nouns,0,0,0,0,0,0,0,0,2,0
225,arroz,frijol,nouns,0,0,3,0,0,0,1,1,4,2
226,silla,banco,nouns,2,4,5,2,2,4,5,3,5,3
227,esfuerzo,dificultad,nouns,3,0,4,1,0,6,5,1,5,2
228,boca,diente,nouns,0,0,4,0,0,0,2,2,4,3
229,sufijo,afijo,nouns,0,1,5,1,1,0,2,2,5,3
230,pájaro,pavo,nouns,2,1,5,2,1,0,3,4,5,3
231,calendario,vacaciones,nouns,0,1,0,0,0,0,3,2,4,2
232,prejuicio,chauvinista,nouns,1,1,3,0,2,0,0,2,4,2
233,bicicleta,habitación,nouns,0,0,1,0,0,0,0,0,2,0
234,felicidad,paz,nouns,3,3,5,2,1,0,3,2,5,2
235,sofá,silla,nouns,1,2,5,2,2,0,2,2,5,5
236,ropa,armario,nouns,0,1,5,0,0,0,1,1,4,4
237,padre,Dios,nouns,0,3,4,0,0,0,4,0,4,3
238,contaminación,atmósfera,nouns,0,0,4,0,0,0,1,2,4,2
239,vitamina,plancha,nouns,0,0,0,0,0,0,0,0,2,3
240,habitación,célula,nouns,0,0,0,0,0,0,0,0,1,0
241,colegio,derecho,nouns,0,0,3,0,0,0,1,0,4,0
242,emperador,gobernador,nouns,2,1,5,2,4,0,1,1,5,3
243,cena,desayuno,nouns,0,0,4,0,1,0,2,2,5,0
244,acústica,sonido,nouns,3,6,6,2,5,0,4,4,4,4
245,princesa,galleta,nouns,0,0,0,0,0,0,0,0,0,0
246,química,teoría,nouns,0,0,4,0,0,0,2,0,4,0
247,comunicación,televisión,nouns,0,0,5,0,3,0,3,1,4,0
248,nieve,hielo,nouns,1,1,6,3,4,0,5,3,5,3
249,libro,materia,nouns,0,1,6,0,3,0,2,2,3,0
250,piedra,madera,nouns,0,0,3,0,1,0,0,1,4,0
251,comida,cena,nouns,5,3,4,3,1,4,4,4,5,3
252,ducado,principado,nouns,1,2,5,1,3,0,3,2,5,3
253,cerámico,cerámica,nouns,5,2,6,4,4,6,5,5,6,5
254,molino,semilla,nouns,0,1,6,0,0,0,2,2,4,0
255,alfabeto,bolígrafo,nouns,0,0,4,0,0,0,0,0,4,0
256,conductor,piloto,nouns,5,5,6,4,5,6,4,5,5,6
257,noche,capítulo,nouns,0,0,4,0,0,0,1,0,2,0
258,clima,ola,nouns,0,0,3,0,0,0,0,0,3,0
259,dinero,perla,nouns,0,0,3,0,0,0,2,0,5,0
260,baño,habitación,nouns,3,0,1,0,1,0,1,2,4,0
261,hueso,tobillo,nouns,0,0,5,0,0,0,1,1,4,0
262,planeta,estrella,nouns,0,1,6,2,0,6,2,2,4,2
263,estilo,Moda,nouns,5,1,6,4,2,3,3,4,6,4
264,calle,callejón,nouns,2,1,6,4,4,3,2,5,6,3
265,atención,conciencia,nouns,0,3,3,0,4,0,1,0,2,2
266,lengua,garganta,nouns,0,0,3,0,1,0,1,2,4,0
267,dinosaurio,elefante,nouns,0,0,2,0,0,0,1,2,4,0
268,accidente,emergencia,nouns,2,1,5,4,2,0,4,2,5,6
269,viaje,conquista,nouns,0,0,3,0,0,0,1,0,4,0
270,tarea,trabajo,nouns,5,2,4,3,5,5,4,5,6,6
271,hombre,padre,nouns,1,1,5,2,0,0,4,1,3,3
272,mujer,hombre,nouns,0,2,3,0,0,0,0,2,5,3
273,cama,habitación,nouns,0,1,6,0,0,0,2,0,4,0
274,playa,arrecife,nouns,0,0,5,0,0,0,3,1,4,3
275,playa,costa,nouns,1,2,6,4,2,4,5,4,4,3
276,tenis,estadística,nouns,0,0,3,0,0,0,0,0,2,0
277,órgano,hígado,nouns,1,1,5,3,1,0,3,2,5,2
278,riqueza,fama,nouns,0,1,6,0,1,0,2,2,5,0
279,valor,tarifa,nouns,1,2,3,3,3,4,4,3,4,0
280,ropa interior,cuerpo,nouns,0,0,3,0,0,0,0,0,3,0
281,abogado,licenciado en derecho,nouns,2,4,5,6,5,6,6,5,5,3
282,acetilcolina,iris,nouns,0,0,1,0,0,0,0,0,2,0
283,lago,pantano,nouns,0,1,4,3,3,6,3,3,5,0
284,lámpara,genio,nouns,0,0,4,0,0,0,1,1,4,0
285,servidor,esclavo,nouns,1,5,5,2,2,0,4,1,5,3
286,Armada,Ejército,nouns,3,5,6,4,1,4,5,6,5,6
287,fondo,lado,nouns,0,0,4,0,0,0,1,1,4,0
288,caja,sombrero,nouns,0,0,2,0,0,0,0,0,1,0
289,molécula,átomo,nouns,0,1,5,4,2,0,3,2,5,3
290,mano,pulgar,nouns,0,1,4,0,1,0,2,2,4,0
291,profesor,rabino,nouns,0,0,1,0,0,0,1,0,4,0
292,lago,nube,nouns,0,0,0,0,0,0,0,0,3,0
293,chico,niño,nouns,3,5,4,3,3,6,3,5,6,6
294,computadora,máquina,nouns,1,2,5,3,4,5,4,3,5,6
295,agujero,esposa,nouns,0,0,0,0,0,0,0,0,0,0
296,colegio,grado,nouns,0,0,5,0,4,0,2,0,4,0
297,volar,hormiga,nouns,0,0,1,0,0,0,1,0,3,0
298,ropa,capa,nouns,0,1,2,0,1,0,2,1,4,3
299,sangre,médula,nouns,1,0,4,0,0,0,2,2,4,0
300,agonía,dolor,nouns,3,5,0,5,1,4,4,5,6,3
301,teorema,teoría,nouns,1,0,6,5,3,6,3,5,5,5
302,manzana,caramelo,nouns,0,0,0,0,0,0,0,1,4,0
303,madera,papel,nouns,0,0,3,0,1,0,0,2,4,0
304,conversación,discusión,nouns,4,1,3,4,2,0,3,2,5,3
305,pollo,filete,nouns,0,1,6,1,1,4,3,2,5,0
306,fraternidad,puerta,nouns,0,0,4,0,0,0,0,0,0,0
307,habitación,cama,nouns,0,1,6,0,0,0,1,1,4,0
308,unión,suma,nouns,0,1,6,6,3,4,1,5,5,3
309,alcohol,cóctel,nouns,0,1,6,4,1,0,4,3,5,0
310,cuota,salario,nouns,0,1,6,3,2,0,1,3,4,0
311,hermana,hermano,nouns,2,2,4,6,4,0,4,1,6,6
312,tifón,ciclón,nouns,2,5,5,5,5,6,5,3,6,4
313,escritor,regalo,nouns,0,0,0,0,0,0,0,0,1,0
314,montaña,repisa,nouns,0,0,4,0,0,0,0,0,0,0
315,botella,envase,nouns,3,2,3,1,2,0,1,3,5,0
316,cuenco,cola,nouns,0,0,0,0,0,0,0,0,2,0
317,barco de cañón,costa,nouns,0,0,3,0,0,0,0,1,3,0
318,falda,reloj,nouns,0,0,0,0,0,0,0,0,3,0
319,agua,sal,nouns,0,0,0,0,0,0,0,0,4,0
320,población,gente,nouns,3,4,6,4,3,0,4,3,6,4
321,palabra,página,nouns,0,0,0,0,0,0,0,1,4,0
322,Nota,trabajo,nouns,0,0,0,0,0,0,3,1,3,0
323,líder,gerente,nouns,2,3,6,2,1,3,4,3,5,3
324,suéter,chaqueta,nouns,1,0,5,2,3,4,4,2,5,0
325,nariz,cabeza,nouns,0,1,1,0,0,0,1,2,4,0
326,juego,acción,nouns,0,0,6,0,2,0,1,1,4,0
327,cable,cuerda,nouns,2,2,4,3,2,4,1,2,5,0
328,reunión creativa,telescopio,nouns,0,0,0,0,0,0,0,0,0,0
329,combinación,Unión,nouns,2,4,6,6,4,4,3,5,6,2
330,Actriz,actor,nouns,2,2,6,6,5,5,2,1,6,6
331,rabino,ministro,nouns,0,0,0,0,4,0,0,2,6,0
332,compañero,acompañante,nouns,4,1,6,4,3,6,4,6,6,3
333,creador,fabricante,nouns,3,2,6,3,2,5,3,5,5,3
334,cama,manta,nouns,0,1,3,0,0,0,1,2,4,0
335,rama,brazo,nouns,2,0,0,0,3,5,0,2,1,0
336,insignias,dignidad,nouns,0,0,0,0,0,0,0,0,4,0
337,avión,chorro,nouns,0,0,0,0,0,0,0,0,0,0
338,hombre,Víctor,nouns,0,1,0,0,0,0,1,1,4,0
339,piña,teléfono inteligente,nouns,0,0,0,0,0,0,0,0,0,0
340,plato,cuenco,nouns,0,5,3,3,2,0,0,3,5,3
341,hierba,musgo,nouns,1,1,4,1,1,0,4,2,5,2
342,república,duque,nouns,0,0,0,0,0,0,0,0,2,0
343,Leche,jugo,nouns,0,0,0,0,1,0,1,1,4,0
344,profesor,monitor,nouns,0,0,3,4,3,0,0,2,5,4
345,nepotismo,Rey,nouns,1,2,6,0,3,0,0,2,3,0
346,pájaro,halcón,nouns,1,1,4,1,1,0,4,4,5,2
347,Valle,depresión,nouns,2,0,6,3,2,0,2,5,6,4
348,máquina,motor,nouns,1,1,6,3,3,0,4,3,5,2
349,gente,centavo,nouns,0,0,0,0,0,0,0,0,1,0
350,obrero,oficina,nouns,0,0,0,0,0,0,0,0,2,0
351,criptograma,símbolo,nouns,2,0,6,2,2,0,3,3,5,3
352,apartamento,mueble,nouns,0,0,0,0,0,0,0,1,4,0
353,caja,cigarro,nouns,0,0,1,0,0,0,1,1,4,0
354,Desierto,duna,nouns,1,1,6,2,1,0,5,2,5,2
355,limón,té,nouns,0,0,0,0,0,0,0,1,4,0
356,roble,arce,nouns,1,0,1,0,1,0,3,1,5,0
357,flauta,música,nouns,0,0,6,0,1,4,1,1,4,0
358,dinero,efectivo,nouns,2,4,6,5,3,5,5,5,5,5
359,frente,ojo,nouns,0,0,1,0,0,0,0,1,3,0
360,ahorro,ahorrador,nouns,1,1,6,2,2,3,3,2,5,3
361,cadera,labio,nouns,0,0,0,0,0,0,0,1,4,0
362,magma,volcán,nouns,0,1,6,1,0,0,3,2,5,2
363,tubo,cigarro,nouns,0,0,0,0,0,0,0,0,3,0
364,antropología,arqueología,nouns,0,0,3,0,0,0,0,1,4,3
365,colina,acantilado,nouns,1,0,6,0,0,0,2,1,4,2
366,juego,divertido,nouns,0,0,6,0,0,0,0,0,5,0
367,profundidad,magnitud,nouns,0,1,1,0,2,0,2,0,5,0
368,hermano,alma,nouns,0,0,0,0,0,0,0,0,3,0
369,parcialidad,opinión,nouns,3,1,3,2,2,0,2,3,5,0
370,ritmo,melodía,nouns,1,3,2,2,3,6,3,3,6,3
371,fórmula,tronco,nouns,0,0,0,0,0,0,0,0,2,0
372,obispo,musulmán,nouns,0,0,0,0,0,0,0,0,4,0
373,ropa,chaqueta,nouns,1,1,3,1,1,0,1,2,5,0
374,nariz,boca,nouns,0,0,0,0,0,0,1,2,4,2
375,ovillo,hilo,nouns,1,1,6,2,1,0,0,2,5,3
376,autopista,carretera,nouns,5,3,6,2,4,6,3,4,5,4
377,pesticida,parásito,nouns,0,0,0,0,0,0,0,1,4,0
378,vaso,tarro,nouns,1,5,4,2,2,0,4,2,4,0
379,calle,coche,nouns,0,0,0,0,0,0,0,0,3,0
380,capitán,marinero,nouns,1,0,1,2,2,0,2,2,5,0
381,teoría,hipótesis,nouns,2,0,4,2,5,5,3,6,6,3
382,ortodoncista,dentista,nouns,2,6,5,4,4,4,2,4,5,3
383,cargador,disco,nouns,0,0,0,0,0,0,0,0,4,0
384,mejilla,lengua,nouns,0,0,0,0,0,0,0,0,4,0
385,soldado,paz,nouns,0,0,0,0,0,0,0,0,3,0
386,película,teatro,nouns,1,1,2,0,0,0,0,1,4,0
387,cáncer,enfermedad,nouns,1,1,6,4,1,4,0,4,5,3
388,club,sociedad,nouns,2,3,0,3,2,4,2,4,6,3
389,actitud,confianza,nouns,0,0,5,3,3,0,2,1,5,0
390,bicicleta,piel,nouns,0,0,2,0,0,0,0,0,2,0
391,delito,ataque,nouns,1,0,4,3,2,0,1,2,4,0
392,cola,posterior,nouns,2,2,4,3,3,0,2,4,5,0
393,sargento,pistola,nouns,0,0,2,0,0,0,0,0,4,0
394,agujero,acuerdo,nouns,0,0,0,0,0,0,0,0,0,0
395,niño,chico,nouns,4,5,4,2,4,6,2,4,6,5
396,cabeza,uña,nouns,0,0,1,0,0,0,0,0,4,0
397,libro,artículo,nouns,0,0,4,0,0,0,1,1,4,0
398,libro,texto,nouns,2,1,5,3,2,0,5,3,4,0
399,Biblia,himno,nouns,0,1,0,0,0,0,0,0,4,0
400,esposa,cañita,nouns,0,0,0,0,0,0,0,0,3,0
401,raqueta,ruido,nouns,0,0,1,0,0,0,0,0,2,0
402,semestre,término,nouns,2,0,1,2,0,0,3,0,4,0
403,tarea,cañita,nouns,0,0,1,0,0,0,0,0,0,0
404,hierba,espada,nouns,0,0,0,0,0,0,0,0,1,0
405,cama,mueble,nouns,2,1,4,2,0,0,0,2,4,0
406,guitarra,tambor,nouns,0,0,2,0,0,0,0,2,4,0
407,aeropuerto,pieza,nouns,0,0,0,0,0,0,0,0,0,0
408,flor,bulbo,nouns,1,0,2,2,1,0,1,2,4,2
409,gráfico,grafico,nouns,1,6,6,6,6,6,6,6,6,6
410,circuncisión,prepucio,nouns,0,1,5,1,1,0,3,2,5,2
411,petróleo,visón,nouns,0,0,0,0,0,0,0,0,1,0
412,adulto,bebé,nouns,0,0,2,0,0,0,0,0,4,0
413,juez,Corte,nouns,1,1,0,0,0,0,1,2,4,0
414,crimen,violación,nouns,3,2,5,3,2,4,2,4,5,2
415,whisky,champán,nouns,0,0,4,0,0,0,1,2,4,0
416,manual,guía,nouns,3,3,6,4,4,5,4,5,6,6
417,accidente,libro,nouns,0,0,0,0,0,0,0,0,2,0
418,estaño,metal,nouns,1,1,5,0,1,0,4,2,4,0
419,modo,Moda,nouns,0,0,2,0,0,0,0,0,1,0
420,apocalipsis,fuego,nouns,0,0,4,0,0,0,1,0,4,0
421,teclado,ligero,nouns,0,0,4,0,0,0,0,0,1,0
422,hermano,hijo,nouns,0,0,3,0,0,0,0,1,5,0
423,obrero,empleador,nouns,0,0,0,0,0,4,0,1,5,0
424,precalentamiento,recalentamiento,nouns,0,0,4,5,0,4,2,0,1,0
425,capítulo,cola,nouns,0,0,0,0,0,0,0,0,1,0
426,muerte,catástrofe,nouns,0,0,5,0,0,0,2,2,4,0
427,pared,decoración,nouns,0,0,4,0,0,0,0,0,4,0
428,atmósfera,ozono,nouns,1,1,5,5,0,0,1,2,5,0
429,espíritu,banda,nouns,0,0,3,0,0,0,0,0,2,0
430,será,intención,nouns,0,0,5,4,3,0,0,0,3,0
431,realidad,espejismo,nouns,0,0,0,0,0,0,0,0,2,0
432,motor,bote,nouns,0,0,0,0,0,0,0,0,4,0
433,descomposición,factorización,nouns,0,0,0,0,4,0,0,4,5,0
434,campana,puerta,nouns,0,0,0,0,0,0,0,0,3,0
435,máscara,partido,nouns,0,0,1,0,0,0,0,0,2,0
436,playa,isla,nouns,1,0,5,0,0,4,3,2,4,0
437,palacio,escultor,nouns,0,0,4,0,0,0,0,0,3,0
438,aplicación,galaxia,nouns,0,0,2,0,0,0,0,0,0,0
439,muerte,tragedia,nouns,0,1,6,3,1,0,3,2,5,3
440,electricidad,caso,nouns,0,0,0,0,0,0,0,0,0,0
441,libro,Biblia,nouns,1,2,4,0,0,3,2,3,5,0
442,lápiz,historia,nouns,0,0,3,0,0,0,1,0,4,0
443,nube,ventana,nouns,0,0,4,0,0,0,0,0,3,0
444,sequía,agua,nouns,0,0,5,0,0,0,0,1,4,0
445,moneda,pago,nouns,0,0,6,3,2,0,3,1,4,2
446,director,cinematografía,nouns,0,0,6,0,2,5,2,2,4,0
447,flor,Violeta,nouns,2,1,1,5,1,0,2,2,5,2
448,prima,tío,nouns,0,0,0,0,0,0,0,1,5,0
449,renacimiento,tumba,nouns,0,0,0,0,0,0,0,0,3,0
450,canción,bailarín,nouns,0,0,0,0,0,0,0,1,4,0
451,policía,político,nouns,0,0,0,0,0,0,0,1,3,0
452,nivel,Puntuación,nouns,2,1,6,5,3,3,1,2,6,3
453,valor,creencia,nouns,3,0,6,0,4,0,1,0,6,0
454,regla,convención,nouns,2,3,4,0,4,0,0,4,6,0
455,sacarosa,carbohidrato,nouns,2,1,5,0,0,0,1,4,5,0
456,puesta de sol,noche,nouns,0,0,5,0,1,0,0,2,5,2
457,juicio,veredicto,nouns,3,3,6,4,1,4,4,2,6,0
458,honor,estima,nouns,4,0,5,0,2,0,0,0,6,2
459,avión,aeropuerto,nouns,0,0,6,0,0,0,2,1,4,1
460,tormenta de nieve,lluvia,nouns,0,0,1,0,0,0,0,1,4,0
461,bancarrota,fracaso,nouns,1,1,5,3,1,0,4,0,5,2
462,caja,cabina,nouns,0,0,5,3,1,0,0,0,3,0
463,tarea,mujer,nouns,0,0,0,0,0,0,0,0,2,0
464,prueba,hecho,nouns,2,0,6,3,2,0,3,1,5,3
465,entrenador,jugador,nouns,0,0,0,0,0,0,0,1,4,0
466,hígado,pulmón,nouns,0,0,0,0,0,0,0,1,4,0
467,garganta,nariz,nouns,0,0,0,0,0,0,0,1,4,0
468,motel,Posada,nouns,2,2,6,2,3,3,2,3,6,4
469,maceta,aparato,nouns,0,0,1,0,0,0,0,0,2,0
470,guitarra,violín,nouns,0,0,0,0,0,0,0,1,4,0
471,fuerza,podría,nouns,0,0,1,0,2,0,0,0,1,0
472,discusión,acuerdo,nouns,0,0,5,0,1,0,0,1,5,0
473,Dios,presa,nouns,0,0,0,0,0,0,0,0,0,0
474,trono,espada,nouns,0,0,0,0,0,0,0,0,4,0
475,obra de arte,artista,nouns,0,0,5,0,0,3,1,1,4,2
476,centavo,tamaño,nouns,0,0,2,0,0,0,0,0,0,0
477,menta,museo,nouns,0,0,0,0,0,0,0,0,0,0
478,golpear,marco,nouns,0,0,0,0,0,0,0,0,3,0
479,pájaro,gallina,nouns,1,1,3,1,1,0,2,2,5,2
480,pistola,cañón,nouns,2,0,1,0,0,0,2,1,5,2
481,delta,mar,nouns,1,0,5,0,1,0,0,1,4,1
482,supremacía,omnipotencia,nouns,3,1,6,3,1,0,4,5,6,0
483,fin de semana,raza,nouns,0,0,0,0,0,0,0,0,0,0
484,Grillo,seguidor,nouns,0,0,0,0,0,0,0,0,0,0
485,sultán,ministerio,nouns,0,0,0,0,0,0,0,0,4,0
486,silaba,examen,nouns,0,0,0,0,0,0,0,0,3,0
487,delito,fraude,nouns,2,1,6,3,2,3,1,2,5,5
488,empleador,empleado,nouns,0,0,3,0,0,0,0,1,5,0
489,vaso,cristal,nouns,0,1,6,1,0,0,1,1,5,0
490,coche,manguera,nouns,0,0,0,0,0,0,0,0,3,0
491,suelo,techo,nouns,0,0,0,0,0,0,0,1,4,2
492,hueso,mandíbula,nouns,1,1,3,1,0,0,0,0,5,0
493,citoplasma,dígito,nouns,0,0,0,0,0,0,0,0,0,0
494,brecha,apertura,nouns,4,5,6,2,3,0,2,2,5,0
495,teatro,batería,nouns,0,0,0,0,0,0,0,0,2,0
496,alcohol,vino,nouns,0,1,6,1,0,0,1,2,4,2
497,muerte,entierro,nouns,0,0,6,1,0,0,0,1,5,2
498,carboncillo,carbón,nouns,0,0,6,2,1,0,1,5,6,2
499,cuerpo,pecho,nouns,0,1,6,0,0,0,0,0,4,0
500,competencia,capacidad,nouns,3,0,6,3,3,0,3,5,6,0
501,protestante,cristiano,nouns,0,0,6,0,0,0,0,1,5,0
502,casa,alfombra,nouns,0,0,0,0,0,0,0,0,3,0
503,culpa,sistema,nouns,0,0,1,0,0,0,0,0,1,0
504,motor,maquinaria,nouns,1,0,5,2,4,0,0,4,2,2
505,fiscal,abogado,nouns,1,2,5,3,4,0,2,4,4,0
506,peligro,amenaza,nouns,2,4,6,3,4,4,2,5,6,6
507,palabra,diccionario,nouns,0,1,3,0,0,0,2,2,4,0
508,becerro,toro,nouns,0,1,5,1,2,3,1,4,6,0
509,bañera,esposa,nouns,0,0,0,0,0,0,0,0,2,0
510,tejer,uniforme,nouns,0,0,0,0,0,0,0,0,3,0
511,creencia,flor,nouns,0,0,0,0,0,0,0,0,1,0
512,gallina,pavo,nouns,0,1,1,0,0,0,1,1,4,0
513,raíz,hierba,nouns,0,2,1,1,0,0,0,1,4,3
514,inteligencia,visión,nouns,0,0,3,0,2,0,2,0,5,0
515,naturaleza,flora,nouns,1,2,6,2,4,0,3,2,4,0
516,bombardeo aéreo,ataque,nouns,0,3,6,2,3,0,3,4,5,2
517,alcohol,brandy,nouns,0,1,6,1,1,0,1,2,4,2
518,mariposa,Rosa,nouns,0,0,0,0,0,0,0,0,3,0
519,frijol,café,nouns,0,0,0,0,0,0,0,0,2,0
520,fertilizante,crecimiento,nouns,0,0,2,0,0,0,1,1,4,0
521,pelota,esfera,nouns,3,1,5,3,3,0,2,3,4,4
522,historiador,historiógrafo,nouns,2,6,4,3,1,0,0,1,6,4
523,himno,conquista,nouns,0,0,0,0,0,0,0,0,3,0
524,alcohol,whisky,nouns,1,1,6,1,1,0,2,2,4,0
525,matriz,molécula,nouns,0,0,0,0,0,0,0,0,2,2
526,nube,neblina,nouns,2,1,5,3,3,3,3,2,5,2
527,murciélago,vampiro,nouns,0,1,5,0,0,3,3,1,5,1
528,decisión,elección,nouns,5,4,6,4,4,4,1,3,6,5
529,carne de vaca,carne,nouns,0,4,6,5,3,6,3,2,5,5
530,amante,compañero,nouns,1,1,0,3,0,0,0,0,5,6
531,médico,doctor,nouns,4,3,6,6,5,6,5,6,6,6
532,ruta,viaje,nouns,3,1,5,4,4,4,2,2,6,5
533,emoción,pasión,nouns,3,3,3,4,4,0,0,3,6,5
534,médico,templar,nouns,0,0,3,0,0,0,0,0,0,0
535,topología,estructura,nouns,2,1,3,0,2,0,0,2,5,0
536,paciente,sesión,nouns,0,0,4,0,0,0,0,0,3,0
537,bandera,polo,nouns,0,0,0,0,0,0,0,0,3,0
538,ritmo,cadencia,nouns,0,3,6,0,6,0,0,0,6,3
539,sufragio,salida,nouns,0,0,1,0,0,0,0,0,0,0
540,libro,manuscrito,nouns,4,4,5,2,2,0,1,2,4,5
541,ignorancia,inteligencia,nouns,0,0,0,0,0,0,0,5,2,0
542,tocino,frijol,nouns,0,0,0,0,0,0,0,0,3,0
543,Universidad,clase,nouns,1,1,3,0,2,0,2,2,4,0
544,poliéster,algodón,nouns,1,0,0,0,0,0,2,1,5,5
545,gripe,fiebre,nouns,3,1,5,2,0,0,0,2,4,5
546,brazo,hombro,nouns,0,0,1,0,0,0,0,2,4,3
547,dólar,gente,nouns,0,0,0,0,0,0,0,0,1,0
548,riqueza,prestigio,nouns,0,0,3,0,2,0,0,0,5,0
549,vaca,ganado,nouns,2,1,3,2,2,3,3,2,5,3
550,caballo,yegua,nouns,2,1,6,2,2,4,0,2,5,3
551,salida,puerta,nouns,0,0,3,1,0,4,2,1,5,0
552,mutante,sociobiología,nouns,0,0,0,0,0,0,0,0,4,0
553,martillo,dientes,nouns,0,0,0,0,0,0,0,0,1,0
554,criminal,delincuente,nouns,4,4,6,5,3,4,5,5,6,3
555,tradición,artesanía,nouns,0,0,0,3,1,0,1,2,5,3
556,padre,adulto,nouns,1,1,6,0,0,0,0,0,3,0
557,inteligencia,destreza,nouns,3,2,4,4,0,0,0,2,5,3
558,palabra,pista,nouns,0,0,0,0,0,0,0,0,2,0
559,ganador,Gol,nouns,0,0,1,0,0,0,0,1,5,0
560,religión,materialista,nouns,0,0,0,0,0,0,0,0,2,0
561,basílica,mosaico,nouns,0,0,0,0,0,0,0,0,4,0
562,truco,tamaño,nouns,0,0,0,0,0,0,0,0,0,0
563,diplomacia,negociación,nouns,3,2,6,0,2,0,2,2,5,3
564,chubasco,viento,nouns,4,1,4,0,0,0,0,1,4,0
565,clase,pasillo,nouns,0,0,0,0,0,0,0,0,3,0
566,área,zona,nouns,4,5,6,5,5,6,4,6,6,6
567,callejón,cuenco,nouns,0,0,0,0,0,0,0,0,0,0
568,estaño,aluminio,nouns,0,1,4,0,1,0,0,1,4,0
569,extraterrestre,forastero,nouns,1,1,4,0,2,0,0,0,4,2
570,beca,matrícula,nouns,0,0,1,0,3,0,0,1,4,3
571,agricultura,monocultivo,nouns,0,1,4,0,0,0,2,1,4,0
572,flor,resistencia,nouns,0,0,0,0,0,0,0,0,1,0
573,dedo,palma,nouns,0,1,1,0,0,0,0,1,4,0
574,sabiduría,inteligencia,nouns,3,3,6,5,2,0,5,3,6,5
575,tabaco,cigarrillo,nouns,1,1,5,5,4,6,2,3,5,4
576,cabaña,cabina,nouns,1,0,5,5,0,0,0,0,4,0
577,águila,halcón,nouns,1,1,5,3,0,5,1,1,5,2
578,compositor,escritor,nouns,2,2,3,1,2,3,3,2,4,2
579,dolencia,infección,nouns,2,3,5,3,1,0,0,2,4,0
580,velocidad,enviar,nouns,0,0,1,0,0,0,0,0,3,0
581,copiloto,cabina,nouns,0,0,3,0,0,0,0,0,4,0
582,tío,tía,nouns,2,2,6,5,5,0,1,1,5,5
583,pie,base,nouns,0,1,1,3,5,0,0,6,6,0
584,Universidad,profesión,nouns,0,1,5,0,0,0,0,0,4,0
585,hueso,codo,nouns,0,0,5,0,0,0,0,0,4,0
586,palanca de mando,Radar,nouns,0,0,0,0,0,0,0,1,3,0
587,brazo,vena,nouns,0,1,0,0,0,0,0,0,4,0
588,fondo,parte superior,nouns,0,0,0,0,0,0,0,0,2,0
589,centavo,ganga,nouns,0,0,0,0,0,0,0,0,3,0
590,Armada,isla,nouns,0,0,0,0,0,0,0,0,4,0
591,herramienta,trabajo,nouns,0,1,2,0,0,0,0,1,4,0
592,cita,compromiso,nouns,4,3,4,3,3,4,3,5,5,6
593,norte,Oeste,nouns,0,0,0,0,0,0,0,1,4,0
594,estudiante,profesor,nouns,0,1,0,0,0,0,0,1,4,0
595,pecador,Smo,nouns,0,0,0,0,0,0,0,0,0,0
596,pelota,cesta,nouns,0,0,0,0,0,0,0,0,3,0
597,estado animico,emoción,nouns,4,5,3,3,4,0,2,3,6,3
598,estómago,habitación,nouns,0,0,0,0,0,0,0,0,2,0
599,desayuno,tocino,nouns,0,0,0,0,0,0,0,0,3,0
600,civilización,estilo de vida,nouns,1,0,2,0,0,0,0,1,5,2
601,perro,gato,nouns,0,0,1,0,0,0,0,1,5,0
602,creencia,concepto,nouns,2,1,4,3,3,0,3,0,5,0
603,pacto,acuerdo,nouns,5,5,6,4,5,6,4,6,6,6
604,lluvia,niebla,nouns,0,1,1,0,0,0,0,1,5,0
605,novela,escritor,nouns,0,1,6,0,0,0,1,1,4,0
606,Teléfono móvil,teléfono,nouns,3,3,6,6,5,6,5,5,6,6
607,Ejército,equipo,nouns,0,0,5,0,0,0,0,1,4,0
608,diputado,oficial,nouns,4,1,6,0,0,0,0,0,4,0
609,árbol,hoja,nouns,0,1,3,0,0,0,1,1,4,3
610,voleibol,pelota,nouns,0,1,6,0,0,0,0,1,4,0
611,coche,bicicleta,nouns,1,0,0,0,0,0,0,1,4,0
612,continuación,cámara,nouns,0,0,0,0,0,0,0,0,2,0
613,resistencia,banda,nouns,0,0,0,0,0,0,0,0,1,0
614,enfermera,científico,nouns,0,0,0,0,0,0,0,0,4,0
615,zona,esquina,nouns,1,0,2,2,0,0,0,0,1,0
616,pago,Nota,nouns,0,0,0,2,2,0,0,0,3,0
617,jugo,batido,nouns,1,3,5,3,2,5,2,1,6,6
618,pared,ladrillo,nouns,0,1,6,0,0,0,1,1,4,0
619,nube,niebla,nouns,2,2,5,0,0,5,3,1,5,0
620,río,corriente,nouns,2,1,5,3,2,0,1,4,4,0
621,carril,cerca,nouns,0,0,5,0,0,0,0,0,3,0
622,reflexión,imagen,nouns,3,1,5,0,4,0,0,0,2,0
623,whisky,Ginebra,nouns,0,0,3,0,0,0,0,1,4,0
624,cuerno,tambor,nouns,0,0,3,0,0,0,0,0,4,0
625,teléfono,cabina,nouns,0,1,4,0,0,0,0,3,4,0
626,perejil,mollete,nouns,0,0,0,0,0,0,0,0,4,1
627,dinero,diamante,nouns,0,1,1,0,0,0,0,0,5,0
628,azúcar,miel,nouns,1,1,5,0,0,0,1,1,5,0
629,ropa,paño,nouns,3,1,6,0,1,0,0,0,4,2
630,estómago,cintura,nouns,0,0,6,0,0,0,0,0,4,3
631,coche,calibre,nouns,0,0,1,0,0,0,0,0,3,0
632,libertad,atrevimiento,nouns,0,1,0,0,1,0,3,0,5,0
633,atención,interés,nouns,4,3,6,5,3,0,1,4,6,6
634,policía,sheriff,nouns,1,1,6,5,3,6,1,4,5,5
635,vendaval,manta,nouns,0,0,0,0,0,0,0,0,1,0
636,felicidad,suerte,nouns,0,0,3,0,0,0,0,0,4,0
637,fuente,caja,nouns,0,0,0,0,0,0,0,0,2,0
638,década,siglo,nouns,0,1,1,0,0,0,0,1,4,0
639,gato,león,nouns,1,0,2,0,0,0,2,1,4,2
640,Ejército,legión,nouns,4,1,6,4,3,0,1,3,5,5
641,helicóptero,avión,nouns,0,1,1,0,0,0,0,2,5,0
642,caballo,potro,nouns,2,1,6,4,3,3,2,3,5,0
643,pantalones,mujer,nouns,0,0,0,0,0,0,0,0,3,0
644,adversario,oponente,nouns,4,5,6,5,5,0,5,6,6,6
645,techo,catedral,nouns,0,0,0,0,0,0,0,0,4,0
646,abeja,reina,nouns,0,0,3,0,0,0,0,1,4,0
647,ojo,lágrima,nouns,0,1,4,0,0,0,0,1,4,0
648,brazo,muñeca,nouns,0,0,5,0,0,0,0,1,4,0
649,cerca,saltando,nouns,0,0,0,0,0,0,0,0,4,0
650,libro,información,nouns,0,1,6,0,0,0,0,1,4,0
651,escudo,rodela,nouns,0,4,6,0,0,0,0,0,5,0
652,Dios,espíritu,nouns,0,2,6,0,2,0,1,0,4,0
653,comunicación,conversacion,nouns,4,1,6,1,2,5,0,3,5,5
654,zona,región,nouns,3,0,6,2,5,3,3,5,6,6
655,boquilla,fluido,nouns,0,0,1,0,0,0,0,0,3,0
656,comunicación,idioma,nouns,0,1,6,0,2,0,0,2,5,3
657,corredor,atleta,nouns,3,4,6,3,2,0,2,3,6,4
658,camafeo,actuación,nouns,0,0,0,0,0,0,0,0,0,0
659,dolor,vergüenza,nouns,1,0,4,0,0,0,0,0,3,0
660,maíz,maizal,nouns,1,1,6,4,2,6,2,2,5,5
661,tren,tranvía,nouns,3,1,6,3,2,0,1,4,5,4
662,invierno,verano,nouns,0,0,1,0,0,0,0,1,4,0
663,vagón,envase,nouns,0,0,0,0,0,0,0,0,0,0
664,soneto,belleza,nouns,0,0,2,0,0,0,0,0,3,0
665,amigo,chico,nouns,1,0,6,1,3,0,0,1,3,3
666,pistola,amanecer,nouns,0,0,0,0,0,0,0,0,0,0
667,casa,estado,nouns,0,1,0,0,0,0,0,0,1,0
668,habitación,edificio,nouns,0,3,1,0,0,0,0,1,3,0
669,poder,botella,nouns,0,0,0,0,0,0,0,0,0,0
670,fiebre,enfermedad,nouns,3,2,4,1,1,0,1,4,3,2
671,Dios,diablo,nouns,0,1,0,0,0,0,0,1,4,0
672,mujer,piel,nouns,0,0,0,0,0,0,0,0,3,0
673,avión,hoja,nouns,0,0,0,0,0,0,0,0,0,0
674,cerveza,bebida,nouns,0,2,6,2,1,0,2,2,4,0
675,leyenda,moral,nouns,0,0,2,0,0,0,0,0,4,0
676,bote,cubierta,nouns,0,1,5,0,0,0,0,0,4,0
677,bote,ancla,nouns,0,1,5,0,0,0,0,0,4,0
678,camión,paquete,nouns,0,0,3,0,0,0,0,0,3,0
679,puerta,piso,nouns,0,0,5,0,0,0,0,0,4,0
680,behaviorismo,terapia,nouns,0,0,3,0,1,0,0,0,5,0
681,ratón,administración,nouns,0,0,0,0,0,0,0,0,0,0
682,ordenador portátil,cuaderno,nouns,0,0,1,0,0,0,0,0,3,0
683,monedero,bolso,nouns,2,3,6,0,1,0,0,1,5,0
684,marijuana,hierba,nouns,4,4,6,4,5,6,3,4,5,6
685,alumno,presidente,nouns,0,0,0,0,0,0,0,0,2,0
686,altar,corredor,nouns,0,0,0,0,0,0,0,0,2,0
687,manzana,limón,nouns,0,0,0,0,0,0,0,1,4,0
688,techo,piso,nouns,0,0,0,0,0,0,0,0,4,6
689,pollo,arroz,nouns,0,0,0,0,0,0,0,1,4,0
690,músculo,lengua,nouns,1,1,3,2,1,6,0,2,4,0
691,pago,recompensa,nouns,3,4,5,5,3,0,3,2,5,6
692,casa,llave,nouns,0,0,3,0,0,0,0,0,3,0
693,baño,cocina,nouns,0,0,1,0,0,0,0,1,4,0
694,batalla,conquista,nouns,1,0,4,4,0,0,0,1,5,5
695,novia,princesa,nouns,0,0,4,0,0,0,0,0,3,4
696,músculo,hueso,nouns,0,0,0,0,0,0,0,1,4,0
697,vientre,abdomen,nouns,3,3,5,3,4,5,2,6,6,6
698,noche,amanecer,nouns,0,0,0,0,0,0,0,1,3,0
699,lluvia,granizo,nouns,1,0,3,0,0,0,1,3,5,0
700,profeta,sacerdote,nouns,0,1,1,0,0,0,0,0,4,6
701,puesta de sol,cuerda,nouns,0,0,0,0,0,0,0,0,0,0
702,pasillo,sala,nouns,0,0,3,0,0,0,0,0,4,0
703,cama,hospital,nouns,0,0,2,0,0,0,0,1,4,0
704,coche,puente,nouns,0,0,0,0,0,0,0,0,2,0
705,agricultura,planta,nouns,0,1,2,0,0,0,0,1,4,0
706,ecosistema,economía,nouns,0,0,1,0,0,0,0,0,3,0
707,pistola,cuaderno,nouns,0,0,0,0,0,0,0,0,1,0
708,libro,ensayo,nouns,0,0,2,0,1,0,0,3,4,5
709,carne,tocino,nouns,1,2,5,0,1,0,0,1,5,0
710,silla,taburete,nouns,0,1,5,3,4,3,4,3,5,4
711,noche,oscuridad,nouns,0,1,5,3,5,4,2,2,4,0
712,isla,tarea,nouns,0,0,0,0,0,0,0,0,1,0
713,nieve,clima,nouns,0,1,1,0,0,3,0,0,4,0
714,pared,castillo,nouns,0,1,0,0,0,0,0,0,4,0
715,coronación,agua,nouns,0,0,0,0,0,0,0,0,0,0
716,metal,aluminio,nouns,1,1,5,1,1,0,1,2,5,0
717,visón,piel,nouns,1,0,5,0,0,0,0,4,5,4
718,corona,llave,nouns,0,0,0,0,0,0,0,0,2,0
719,puerta,bodega,nouns,0,0,0,0,0,0,0,0,3,0
720,segadora,Caña de azúcar,nouns,0,0,0,0,0,0,0,0,4,0
721,alboroto,dibujo,nouns,0,0,0,0,0,0,0,0,1,0
722,canción,historia,nouns,0,0,0,0,0,0,0,0,4,0
723,televisión,actor,nouns,0,1,0,0,0,0,0,1,4,0
724,político,presidente,nouns,2,1,3,1,2,3,2,2,5,2
725,aritmética,ritmo,nouns,0,0,1,0,1,0,0,1,5,1
726,creencia,opinión,nouns,3,2,5,2,3,0,2,2,6,4
727,lente,cámara,nouns,0,1,5,2,1,3,2,1,5,4
728,pierna,brazo,nouns,0,1,0,0,0,0,0,1,4,0
729,agua,hielo,nouns,1,1,0,0,0,0,0,1,5,0
730,manguera,jardín,nouns,0,0,0,0,0,0,0,1,4,0
731,ajedrez,comprobar,nouns,0,0,0,0,0,0,0,0,2,0
732,cereal,trigo,nouns,2,1,6,2,1,0,0,2,5,0
733,campamento,cabina,nouns,0,0,3,3,0,0,0,0,4,0
734,ventana,techo,nouns,0,0,0,0,0,0,0,0,4,0
735,juicio,prueba,nouns,1,0,4,0,2,0,0,0,4,6
736,lazo,cinturón,nouns,0,1,3,0,0,0,0,1,4,3
737,espíritu,siglo,nouns,0,0,0,0,0,0,0,0,1,0
738,comodidad,seguridad,nouns,2,1,5,4,0,0,0,2,5,0
739,argumento,crítica,nouns,1,4,6,4,1,3,0,0,5,4
740,álgebra,operación,nouns,0,1,5,0,2,0,0,2,5,0
741,mujer,esposa,nouns,1,1,6,0,2,0,3,5,6,5
742,padre,hija,nouns,0,0,0,0,0,0,0,0,5,0
743,acorazado,buque,nouns,4,2,6,1,4,0,0,5,6,4
744,hombre,niño,nouns,1,0,0,0,2,0,0,0,5,0
745,mujer,secretario,nouns,0,1,0,0,0,0,0,0,3,0
746,cena,comida,nouns,5,3,4,4,4,4,3,5,5,0
747,sur,norte,nouns,0,0,0,0,0,0,0,1,4,0
748,libro,historia,nouns,1,0,3,0,0,0,0,1,5,0
749,nihilismo,película,nouns,0,0,0,0,0,0,0,0,2,0
750,bañera,globo,nouns,0,0,0,0,0,0,0,0,1,0
751,opinión,elección,nouns,0,1,5,0,0,0,0,0,5,0
752,brazo,cuello,nouns,0,0,0,0,0,0,0,1,4,0
753,bar,jaula,nouns,0,0,0,0,0,0,0,0,3,0
754,pistola,piel,nouns,0,0,0,0,0,0,0,0,1,0
755,multitud,manojo,nouns,2,1,1,0,3,0,0,0,1,0
756,nube,clima,nouns,0,0,3,0,0,0,0,0,4,0
757,coro,cantante,nouns,0,1,4,0,1,4,1,1,5,0
758,enfado,furia,nouns,4,4,6,5,3,4,3,3,6,4
759,víctima,teléfono,nouns,0,0,0,0,0,0,0,0,0,0
760,acantilado,cola,nouns,0,0,0,0,0,0,0,0,0,0
761,lino,tela,nouns,2,1,6,3,1,3,5,2,5,0
762,moneda,intercambio,nouns,0,0,6,0,3,0,1,2,4,0
763,cuerpo,espina,nouns,0,0,3,0,0,0,1,0,2,0
764,llovizna,lluvia,nouns,3,3,5,3,4,6,6,4,5,5
765,nieve,tormenta,nouns,0,0,3,0,0,0,2,1,5,0
766,manzana,jugo,nouns,0,0,3,0,0,0,0,0,4,3
767,célula,cárcel,nouns,0,0,0,0,0,0,0,0,0,5
768,asteroide,estrella,nouns,0,1,5,3,3,0,5,3,5,2
769,trucha,guitarra,nouns,0,0,0,0,0,0,0,0,0,0
770,vocalista,personal,nouns,0,0,0,0,0,0,3,0,2,0
771,banda,orquesta,nouns,3,2,3,3,4,6,5,6,5,6
772,mente,cerebro,nouns,4,2,6,4,2,6,5,2,6,0
773,episodio,capítulo,nouns,6,1,6,5,6,6,5,6,6,6
774,tronco,madera,nouns,1,1,6,4,4,6,5,3,5,4
775,espada,ambiente,nouns,0,0,0,0,0,0,0,0,1,0
776,idea,imagen,nouns,0,0,5,0,4,0,1,0,6,0
777,germen,patógeno,nouns,3,2,6,3,3,0,4,0,6,3
778,aire,helio,nouns,0,1,3,0,0,0,5,0,5,0
779,batería,energía,nouns,1,0,6,4,4,0,6,2,5,4
780,península,isla,nouns,0,0,0,0,1,0,6,1,4,0
781,corrupción,fraude,nouns,4,1,6,4,2,5,5,3,6,3
782,puerta,pasillo,nouns,0,0,2,0,0,0,0,0,4,0
783,recaudación de fondos,evento,nouns,0,2,5,2,0,6,5,2,4,0
784,padre,hermano,nouns,0,0,0,0,0,0,0,0,4,0
785,abogado,galería,nouns,0,0,0,0,0,0,0,0,2,0
786,tía,sobrino,nouns,0,0,0,0,0,0,0,1,5,0
787,abeja,hormiga,nouns,0,0,0,0,0,0,0,1,4,3
788,pacto,condición,nouns,3,2,6,3,2,0,5,2,4,0
789,molécula,aire,nouns,0,0,3,0,0,0,2,0,4,0
790,hombre,guerrero,nouns,0,0,2,0,0,0,4,0,3,0
791,avena,campo,nouns,0,0,3,0,0,0,0,0,4,0
792,nublado,pronóstico,nouns,0,1,1,0,0,5,2,0,4,0
793,Sandwich,almuerzo,nouns,0,0,3,1,0,0,0,2,4,0
794,calibre,paraguas,nouns,0,0,0,0,0,0,0,0,2,0
795,sofá,béisbol,nouns,0,0,0,0,0,0,0,0,2,0
796,enfado,estado animico,nouns,2,1,3,4,2,5,5,2,5,2
797,vaso,cono,nouns,0,0,1,0,2,5,2,0,3,0
798,más allá,purgatorio,nouns,0,1,0,3,1,6,4,1,5,3
799,Luna,planeta,nouns,0,0,3,0,0,6,0,0,4,0
800,puerta,portal,nouns,4,1,6,3,0,0,2,3,5,0
801,belleza,años,nouns,0,0,3,0,0,0,0,0,2,0
802,coche,cuerno,nouns,0,0,0,0,0,0,0,0,0,0
803,caja,ascensor,nouns,0,0,0,0,0,0,0,0,3,0
804,victoria,triunfo,nouns,6,6,6,5,5,6,6,6,6,3
805,viscosidad,chapoteo,nouns,0,0,1,0,2,0,2,0,4,0
806,camino,manera,nouns,0,0,4,0,3,0,5,0,5,0
807,caos,clase,nouns,0,0,0,0,0,0,0,0,2,0
808,burbuja,jabonaduras,nouns,0,0,4,0,0,0,4,3,6,0
809,bronquitis,acetaminofeno,nouns,0,0,5,0,0,0,0,0,3,0
810,crédito,prestatario,nouns,0,0,4,3,0,5,5,2,5,0
811,pelota,disfraz,nouns,0,0,0,0,0,0,0,0,2,0
812,mantequilla,patata,nouns,0,0,3,0,0,0,0,0,4,0
813,neurosis,mente,nouns,0,0,5,0,0,0,5,1,4,0
814,taxi,coche,nouns,1,1,5,1,1,6,5,3,5,3
815,ácido,base,nouns,0,2,0,0,0,0,0,0,5,3
816,fórmula,ecuación,nouns,3,1,6,3,2,5,5,5,5,3
817,insecto,abeja,nouns,2,1,6,1,1,6,4,2,4,2
818,caballo,buey,nouns,0,0,3,0,0,0,4,1,4,2
819,hombres,fraternidad,nouns,0,0,5,1,2,0,0,0,3,0
820,chocolate,tarta,nouns,0,1,5,1,0,0,1,1,5,0
821,mundo,globo,nouns,3,2,6,3,3,0,3,4,6,0
822,brazo,hueso,nouns,0,0,5,0,0,0,0,0,4,0
823,canela,caramelo,nouns,0,0,4,0,0,0,0,0,4,0
824,creencia,impresión,nouns,2,1,3,3,3,0,3,0,5,4
825,serpiente,lagartija,nouns,0,0,5,0,1,0,0,1,5,0
826,destrucción,construcción,nouns,0,0,0,0,0,0,0,1,2,0
827,carne,pan,nouns,0,0,0,0,0,0,1,0,4,0
828,diccionario,definición,nouns,1,1,6,3,0,4,4,2,5,0
829,ayudante,mucama,nouns,2,2,3,2,0,5,2,4,5,0
830,cuota,pago,nouns,4,0,6,3,3,6,5,5,6,4
831,playa,mar,nouns,0,1,6,3,2,6,6,5,5,0
832,bote,árbol,nouns,0,0,0,0,0,0,0,0,3,0
833,rayo,sol,nouns,0,1,6,0,0,0,0,1,5,0
834,Cereza,fresa,nouns,0,0,5,0,0,0,0,1,4,3
835,poema,ritmo,nouns,0,0,5,0,1,0,0,0,4,0
836,dama,Hidalgo,nouns,0,0,3,0,0,0,0,1,5,0
837,patio,pulgada,nouns,0,0,0,0,0,0,0,0,1,0
838,actividad,movimiento,nouns,3,0,5,3,3,0,6,3,5,2
839,gente,pistola,nouns,0,0,0,0,0,0,0,0,1,0
840,hueso,rodilla,nouns,0,0,4,0,0,0,1,0,4,0
841,ventana,puerta,nouns,0,0,4,0,0,0,0,1,4,0
842,brazo,cuerpo,nouns,0,1,5,0,0,0,1,0,4,0
843,invierno,temporada,nouns,1,1,5,3,2,4,6,2,5,0
844,llave,candado,nouns,0,0,6,3,0,6,0,1,5,3
845,Rey,regla,nouns,0,0,6,0,0,0,0,0,3,0
846,terremoto,temblor,nouns,2,1,6,3,4,6,6,5,6,5
847,novio,novia,nouns,1,2,6,1,5,0,6,1,5,5
848,cuello,espina,nouns,0,0,3,0,0,0,0,0,2,0
849,amigo,compañero,nouns,3,1,5,2,2,6,6,4,5,4
850,aleación,acero,nouns,0,1,5,0,0,0,2,2,5,0
851,cumpleaños,año,nouns,0,1,6,0,0,0,2,1,5,0
852,chico,pareja,nouns,0,0,1,0,0,0,3,3,4,0
853,niño,pareja,nouns,0,0,1,0,0,0,0,0,3,0
854,anillo,compromiso,nouns,0,0,6,2,0,0,5,2,4,2
855,periódico,información,nouns,2,0,6,1,0,0,5,2,4,0
856,gente,partido,nouns,0,0,5,0,0,0,0,0,3,0
857,cuerpo,hombro,nouns,0,1,5,0,0,0,0,0,4,0
858,sociedad,negocio,nouns,0,1,4,2,2,0,0,4,5,4
859,poliedro,actor,nouns,0,0,0,0,0,0,0,0,0,0
860,nube,tormenta,nouns,0,1,6,0,0,0,0,0,4,0
861,barro,suciedad,nouns,2,1,6,1,2,0,4,3,4,0
862,palabra,periódico,nouns,0,0,6,0,0,0,0,1,4,0
863,condición,niño,nouns,0,0,0,0,0,0,0,0,1,0
864,rock,mía,nouns,0,0,0,0,0,0,0,0,0,0
865,pueblo,ciudad,nouns,2,1,6,3,2,0,4,2,5,4
866,abundancia,mucho,nouns,3,4,6,5,4,6,6,5,5,6
867,Campaña,mono,nouns,0,0,0,0,0,0,0,0,1,0
868,editorial,Noticias,nouns,1,0,6,0,0,0,0,2,5,3
869,hombre,tío,nouns,0,1,4,3,1,0,6,4,4,0
870,dinero,capital,nouns,4,4,6,5,3,6,5,4,6,0
871,realidad,fantasía,nouns,0,0,0,0,0,0,0,1,2,0
872,ensalada,vinagre,nouns,0,0,3,0,0,0,3,1,4,0
873,niño,soldado,nouns,0,0,0,0,0,0,0,0,4,0
874,desayuno,cena,nouns,0,0,1,0,0,0,0,1,5,0
875,elección,vena,nouns,0,0,0,0,0,0,0,0,0,0
876,impuesto,ingresos,nouns,0,0,0,0,0,0,0,2,5,0
877,bote,coche,nouns,0,0,0,0,1,0,0,0,5,0
878,litoral,costa,nouns,5,4,6,3,5,6,4,6,6,2
879,medio,Noticias,nouns,0,1,4,3,2,0,2,2,5,2
880,derecho,justicia,nouns,1,2,6,1,1,0,3,1,5,3
881,comida,cintura,nouns,0,0,3,0,0,0,0,0,2,0
882,princesa,isla,nouns,0,0,0,0,0,0,0,0,1,0
883,tronco,bañera,nouns,0,0,0,0,0,0,0,0,0,0
884,peligro,enfermedad,nouns,0,0,3,0,0,0,1,0,3,1
885,recaudación de fondos,desarrollo,nouns,0,0,3,0,0,0,0,0,5,0
886,ratón,gato,nouns,0,0,0,0,0,0,0,1,4,0
887,apartamento,hotel,nouns,0,0,6,1,0,0,0,0,4,0
888,vestir,danza,nouns,0,1,0,0,0,0,0,0,2,0
889,moneda,concurrencia,nouns,0,0,0,3,0,0,0,0,0,0
890,hija,niño,nouns,0,0,0,0,0,0,0,0,4,0
891,bañera,truco,nouns,0,0,0,0,0,0,0,0,0,0
892,club,marca,nouns,0,0,4,0,0,0,0,0,5,0
893,niña,mucama,nouns,0,0,1,0,0,0,0,0,2,2
894,frase,palabra,nouns,0,1,6,0,1,0,3,1,4,0
895,perro,caballo,nouns,0,0,0,0,0,0,0,1,4,0
896,pantalla,monitor,nouns,4,4,6,4,5,3,6,6,6,6
897,gobierno,lagartija,nouns,0,0,0,0,0,0,0,0,0,0
898,fin de semana,semana,nouns,0,1,6,4,0,0,0,1,5,5
899,desesperación,miseria,nouns,3,2,6,2,2,0,3,0,6,0
900,multiplicación,división,nouns,0,0,0,0,0,0,0,1,4,0
901,piano,armonía,nouns,0,0,0,0,0,0,0,0,3,0
902,intestino,nervio,nouns,0,0,3,0,0,0,0,0,4,0
903,sol,cielo,nouns,0,0,5,0,0,0,0,1,4,0
904,médico,profesor,nouns,0,0,4,0,0,0,0,0,4,0
905,filósofo,carreras,nouns,0,0,0,0,0,0,0,0,3,0
906,brazo,rodilla,nouns,0,0,0,0,0,0,0,1,4,0
907,administración,gestión,nouns,4,2,6,1,2,0,6,3,6,4
908,palacio,rascacielos,nouns,0,0,2,0,0,0,0,0,4,0
909,tobillo,ventana,nouns,0,0,0,0,0,0,0,0,1,0
910,estómago,vena,nouns,0,0,0,0,0,0,0,0,4,0
911,página,párrafo,nouns,0,1,5,0,1,0,0,2,4,4
912,senado,constitución,nouns,0,0,6,0,1,0,3,1,3,0
913,parte superior,lado,nouns,1,0,1,0,1,0,5,0,4,0
914,playa,orilla,nouns,1,1,6,3,3,0,6,3,4,0
915,coche,carro,nouns,5,6,6,3,5,6,6,6,6,0
916,Brújula,elefante,nouns,0,0,0,0,0,0,0,0,1,0
917,tanque,coche,nouns,0,0,1,0,1,0,0,0,4,0
918,puesta de sol,mesa,nouns,0,0,0,0,0,0,0,0,1,0
919,límite,frontera,nouns,4,4,6,4,5,5,6,5,6,6
920,madera,manta,nouns,0,0,0,0,0,0,0,0,1,0
921,camisa,cárdigan,nouns,0,0,5,0,0,0,0,1,4,2
922,menú,orden,nouns,0,0,3,0,3,0,0,0,4,0
923,jefe,alcalde,nouns,0,1,3,0,1,0,3,0,5,2
924,actor,cantante,nouns,0,0,3,0,0,0,0,1,4,0
925,fuerza,capacidad,nouns,0,1,5,3,2,0,6,3,6,3
926,medalla,zapatillas,nouns,0,0,0,0,0,0,0,0,2,0
927,libertad,oasis,nouns,0,0,0,0,0,0,0,0,2,0
928,puntero,diapositiva,nouns,0,0,0,0,0,0,0,1,4,0
929,túnel,camino,nouns,2,1,6,3,1,0,2,2,4,3
930,cubo,juguete,nouns,0,0,4,0,0,0,3,0,3,0
931,rata,ratón,nouns,4,4,5,3,5,6,6,3,5,3
932,Iglesia,catedral,nouns,4,4,5,3,4,6,5,5,6,2
933,cerveza,alcohol,nouns,1,1,6,4,1,0,5,2,5,0
934,director,jefe,nouns,3,2,6,4,3,6,6,5,6,4
935,código malicioso,gusano,nouns,0,0,6,0,2,0,0,0,5,0
936,ausencia,presencia,nouns,0,0,0,0,0,0,0,1,2,0
937,pie,cabeza,nouns,0,0,0,0,0,0,0,1,4,0
938,matemático,show,nouns,0,0,0,0,0,0,0,0,1,0
939,era,década,nouns,2,1,5,3,2,0,4,2,5,2
940,música,melodía,nouns,2,2,6,4,3,6,5,5,5,2
941,siglo,año,nouns,0,1,6,0,0,0,0,1,5,0
942,codo,tobillo,nouns,0,0,0,0,0,0,0,0,4,0
943,carta,párrafo,nouns,0,0,4,0,0,0,0,0,4,0
944,cuerpo,nervio,nouns,0,0,1,0,0,0,0,0,4,0
945,arena,pie,nouns,0,0,1,0,0,0,0,0,3,0
946,anarquía,caos,nouns,4,4,6,1,3,0,6,2,6,4
947,balada,canción,nouns,4,4,6,3,4,0,6,3,5,4
948,niño,hijo,nouns,0,1,6,3,4,0,6,3,5,3
949,policía,copiloto,nouns,0,0,1,0,0,0,0,0,2,0
950,puesta de sol,amanecer,nouns,0,0,1,0,0,0,0,1,4,0
951,dedo del pie,dedo,nouns,5,4,6,4,4,6,6,5,5,4
952,adulto,guardián,nouns,0,0,3,0,4,0,0,2,4,0
953,infinito,cero,nouns,0,0,0,0,0,0,2,0,5,0
954,coche,fábrica,nouns,0,0,1,0,0,0,0,0,3,0
955,cabina,choza,nouns,1,0,4,3,0,0,0,0,5,0
956,telescopio,silla,nouns,0,0,0,0,0,0,0,0,2,0
957,intrigante,estratega,nouns,0,0,0,0,0,0,0,0,6,0
958,coche,camión,nouns,2,1,0,0,1,0,2,2,4,0
959,violín,instrumento,nouns,1,1,6,4,1,6,1,2,4,3
960,piso,cubierta,nouns,0,1,3,0,1,0,0,0,3,0
961,código,símbolo,nouns,0,1,6,2,2,0,1,3,4,4
962,palabra principal,sintaxis,nouns,0,1,4,0,0,0,0,0,4,0
963,nervio,cerebro,nouns,1,1,3,0,0,0,0,1,4,0
964,situación,condición,nouns,4,5,5,3,3,6,3,3,5,6
965,un pan,queso,nouns,0,0,0,0,0,0,0,0,4,0
966,jugo,cuchara,nouns,0,0,0,0,0,0,0,0,2,0
967,carne,sándwich,nouns,0,0,4,0,0,0,0,0,4,0
968,vagón,carro,nouns,5,0,5,3,2,0,0,0,4,6
969,cursor,patatas fritas,nouns,0,0,0,0,0,0,0,0,0,0
970,alegría,orgullo,nouns,0,0,5,0,0,4,0,0,3,0
971,nube,calina,nouns,0,0,4,0,0,0,0,0,5,0
972,madera,tronco,nouns,3,1,6,2,4,6,3,3,5,5
973,profesor,estudiante,nouns,0,1,0,0,0,0,0,1,4,0
974,animal,persona,nouns,0,1,0,0,0,0,0,0,3,0
975,cielo,sueño,nouns,0,0,4,0,0,0,0,0,1,0
976,heroína,héroe,nouns,1,2,6,4,4,0,0,3,5,5
977,fecha,calendario,nouns,0,0,6,0,2,0,0,2,5,0
978,ofrecimiento,contribución,nouns,3,0,6,4,0,6,0,4,5,6
979,manuscrito,artículo,nouns,0,1,6,3,1,0,2,1,4,4
980,ciencia,psicología,nouns,0,1,1,0,1,0,0,1,4,0
981,sociedad,cultura,nouns,0,2,5,3,3,0,1,2,3,0
982,algodón,suéter,nouns,0,1,1,0,0,0,0,1,4,0
983,libro,tema,nouns,0,0,5,0,0,0,0,1,3,0
984,libertad,censura,nouns,0,0,0,0,0,0,0,0,2,0
985,mago,cable,nouns,0,0,0,0,0,0,0,0,0,0
986,vino,espíritu,nouns,0,0,0,0,1,0,0,0,1,0
987,campeón,ganador,nouns,4,2,6,5,5,6,2,5,6,6
988,guionista,televisión,nouns,0,0,6,0,0,0,0,1,4,0
989,libro,literatura,nouns,1,1,6,0,3,0,1,2,5,4
990,sabueso,zorro,nouns,0,0,3,0,0,0,0,0,4,5
991,hueso,cuello,nouns,0,0,0,0,0,0,0,0,4,0
992,presidente,alcalde,nouns,0,1,5,3,2,0,0,2,5,3
993,sílaba,lema,nouns,0,1,1,0,0,0,0,0,4,0
994,fonología,pantalla,nouns,0,0,0,0,0,0,0,0,1,0
995,hombre,sospechar,nouns,0,0,3,0,0,0,0,0,1,0
996,dentista,coronel,nouns,0,0,0,0,0,0,0,0,3,0
997,ilustración,ampolla,nouns,0,0,0,0,0,0,0,0,0,0
998,bar,cárcel,nouns,0,0,0,0,0,0,0,0,2,0
999,menta,goma,nouns,0,0,1,0,0,0,0,0,0,0
1000,formación,lista,nouns,0,0,0,0,2,0,0,0,3,0
1001,aviación,vuelo,nouns,1,1,6,4,1,0,0,2,4,3
1002,campus,Universidad,nouns,0,1,6,3,4,4,3,4,5,6
1003,uña,mano,nouns,0,1,6,0,0,0,0,1,4,0
1004,eczema,dermatitis,nouns,2,0,6,3,3,0,0,3,5,0
1005,opinión,idea,nouns,3,1,6,3,4,6,3,3,6,4
1006,metro,pulgada,nouns,0,1,5,0,1,0,1,1,5,0
1007,avalancha,nieve,nouns,0,1,6,0,0,0,2,1,5,0
1008,agresión,hostilidad,nouns,4,5,6,1,1,0,2,4,5,2
1009,dieta,ensalada,nouns,0,0,6,0,0,0,0,0,4,0
1010,dolor,daño,nouns,2,1,6,2,3,0,0,3,6,0
1011,padre,progenitor,nouns,6,3,6,6,5,0,6,6,6,4
1012,amigo,madre,nouns,0,0,0,0,0,0,0,0,3,0
1013,decoración,sobre,nouns,0,0,0,0,0,0,0,0,1,0
1014,traductor,extranjero,nouns,0,0,1,0,0,0,0,0,4,0
1015,diccionario,enciclopedia,nouns,0,1,6,2,1,0,2,3,5,5
1016,pan,harina,nouns,0,0,6,0,0,0,0,1,4,0
1017,sombrero,capa,nouns,0,0,4,0,0,0,0,0,4,0
1018,tarjeta,puente,nouns,0,0,0,0,0,0,0,0,0,0
1019,vehículo,autobús,nouns,3,0,6,0,2,0,3,3,5,3
1020,multitud,desfile,nouns,1,0,5,0,2,0,2,3,4,4
1021,abrigo,choza,nouns,0,0,0,0,0,0,0,0,0,0
1022,objetivo,búsqueda,nouns,0,0,6,0,2,0,0,1,3,0
1023,comida,programa,nouns,0,0,0,0,0,0,0,0,1,0
1024,solicitante,solicitud,nouns,0,1,6,0,0,0,1,0,5,4
1025,miembro,pierna,nouns,4,0,6,3,3,5,3,4,5,3
1026,crimen,robo,nouns,4,1,6,2,2,5,3,3,5,0
1027,negocio,empresa,nouns,3,2,6,4,3,5,5,5,6,4
1028,neuropsicología,parasicología,nouns,0,1,4,0,0,0,0,1,5,0
1029,sangre,cuerpo,nouns,0,0,1,0,0,0,0,0,4,0
1030,fraternidad,béisbol,nouns,0,0,0,0,0,0,0,0,3,0
1031,esposa,marido,nouns,0,1,6,0,0,0,0,1,5,2
1032,tsunami,mar,nouns,0,1,6,1,0,0,2,1,4,3
1033,boca,labio,nouns,0,1,6,0,1,6,2,3,4,0
1034,dieta,manzana,nouns,0,0,5,0,0,0,0,0,4,0
1035,mapa,cuadrado,nouns,0,0,2,0,0,0,0,0,2,0
1036,biotopo,biología,nouns,0,0,5,0,0,0,0,0,4,0
1037,barra,cortina,nouns,0,0,1,0,0,0,0,0,3,0
1038,prado,pradera,nouns,3,4,6,2,4,6,6,6,6,3
1039,polinización,estambre,nouns,0,0,3,0,0,0,0,1,5,0
1040,campanario,capilla,nouns,0,0,2,0,0,0,0,2,5,0
1041,historia,tema,nouns,0,0,4,0,0,0,0,0,4,0
1042,niño,adulto,nouns,0,0,0,0,0,0,0,0,5,0
1043,guardería,preescolar,nouns,1,1,6,4,5,0,3,5,6,0
1044,película,filme,nouns,5,5,6,4,6,6,6,6,6,6
1045,trabajo,administración,nouns,0,1,3,0,4,0,0,2,4,0
1046,simulación,robótica,nouns,0,0,4,0,1,0,0,2,2,0
1047,autor,lector,nouns,0,0,4,0,0,0,0,0,4,0
1048,gusano de seda,oruga,nouns,3,0,6,2,4,0,4,4,5,3
1049,histeria,Confusión,nouns,1,1,4,3,0,0,0,0,5,3
1050,sangre,carne,nouns,0,0,2,0,0,0,0,0,4,0
1051,perspectiva,distancia,nouns,2,1,4,2,4,0,1,2,5,3
1052,encantador,alegre,adjectives,3,2,6,2,0,0,0,3,5,3
1053,ordinario,mundano,adjectives,6,3,6,3,5,0,0,6,5,6
1054,opuesto,único,adjectives,0,0,0,0,0,6,0,0,3,3
1055,infeliz,enojado,adjectives,1,2,3,1,0,6,1,3,4,2
1056,sucio,limpiar,adjectives,0,0,3,0,0,0,0,2,3,1
1057,estrecho,Delgado,adjectives,3,3,5,3,4,6,3,5,6,5
1058,imposible,factible,adjectives,0,0,0,0,0,0,0,0,2,0
1059,incorpóreo,espiritual,adjectives,2,2,6,3,4,0,0,5,6,4
1060,pegajoso,sucio,adjectives,2,0,5,0,0,0,0,2,4,3
1061,estúpido,tonto,adjectives,4,5,6,4,5,6,2,5,6,6
1062,tedioso,difícil,adjectives,4,0,3,4,0,6,3,4,2,2
1063,culpable,avergonzado,adjectives,4,0,6,0,0,0,0,1,5,2
1064,ordenado,sucio,adjectives,0,0,0,0,0,0,0,0,2,0
1065,aburrido,mediocre,adjectives,1,1,3,0,0,0,0,0,1,2
1066,enorme,tonto,adjectives,0,0,0,0,0,0,0,0,0,0
1067,insano,loco,adjectives,6,1,4,0,3,3,0,0,3,4
1068,modesto,flexible,adjectives,0,1,0,0,0,0,0,0,1,1
1069,malo,estupendo,adjectives,0,0,0,0,0,0,0,0,1,0
1070,necesitado,impotente,adjectives,2,0,0,0,0,0,0,3,5,0
1071,inocente,ingenuo,adjectives,4,5,0,1,2,0,4,5,6,6
1072,0,real,adjectives,0,0,0,0,0,0,0,0,1,0
1073,inmaduro,irresponsable,adjectives,3,2,6,1,2,0,3,4,6,4
1074,largo,estrecho,adjectives,0,0,0,0,0,0,0,1,2,0
1075,veloz,rápido,adjectives,5,6,6,5,6,6,6,6,6,6
1076,astuto,extraño,adjectives,0,0,0,0,0,0,0,0,2,1
1077,creativo,innovador,adjectives,4,2,5,3,5,6,4,5,6,5
1078,orgulloso,arrogante,adjectives,3,5,4,0,3,6,1,4,6,3
1079,asequible,barato,adjectives,4,3,6,5,5,0,6,5,6,6
1080,mediocre,bien,adjectives,0,0,1,0,0,0,0,0,1,0
1081,tonto,raro,adjectives,0,0,0,0,0,0,0,0,0,2
1082,inteligente,tonto,adjectives,0,0,0,0,0,0,0,1,1,0
1083,cruel,injusto,adjectives,2,2,5,0,0,0,1,4,5,0
1084,modesto,puro,adjectives,0,2,0,0,0,0,0,0,2,2
1085,insulso,aburrido,adjectives,5,5,6,5,5,0,0,5,6,5
1086,vulnerable,fácil,adjectives,2,0,1,0,3,0,2,0,3,1
1087,inseguro,asustado,adjectives,4,2,4,0,0,0,1,3,6,0
1088,raro,único,adjectives,4,4,5,3,4,0,3,3,5,6
1089,ordinario,frío,adjectives,0,0,0,0,0,0,0,0,1,0
1090,maravilloso,genial,adjectives,4,3,6,6,5,0,4,6,6,6
1091,raro,extraño,adjectives,6,6,6,6,6,6,3,6,6,6
1092,nacional,grande,adjectives,0,0,1,0,0,0,0,0,2,0
1093,fácil,duro,adjectives,0,0,0,0,0,0,0,1,1,0
1094,antiguo,nuevo,adjectives,0,0,0,0,0,0,0,1,1,0
1095,crudo,grosero,adjectives,3,4,0,0,2,0,0,1,2,0
1096,cansado,hambriento,adjectives,0,1,3,0,0,0,0,1,3,2
1097,fácil,difícil,adjectives,0,0,0,0,0,0,0,1,1,0
1098,reciente,nuevo,adjectives,4,4,6,5,3,6,2,5,6,0
1099,legal,ilegal,adjectives,0,0,0,0,0,0,0,1,1,0
1100,maduro,sofisticado,adjectives,1,0,5,0,0,0,0,0,4,5
1101,humilde,modesto,adjectives,5,6,5,4,4,0,2,4,6,6
1102,inmaduro,crecido,adjectives,0,0,0,0,0,0,0,0,1,4
1103,cocido,hervido,adjectives,4,6,6,5,5,6,0,6,5,3
1104,amplio,estrecho,adjectives,0,0,0,0,0,0,0,1,1,0
1105,elástico,flexible,adjectives,4,3,6,4,6,0,3,5,6,5
1106,colérico,vacilante,adjectives,0,0,4,0,0,0,0,0,2,3
1107,confidente,Por supuesto,adjectives,0,0,4,0,0,0,0,0,0,2
1108,feliz,alegre,adjectives,5,5,6,6,3,6,5,5,6,6
1109,negrita,orgulloso,adjectives,0,0,0,0,0,0,0,0,0,0
1110,difícil,simple,adjectives,0,0,0,0,0,0,0,1,1,0
1111,aburrido,gracioso,adjectives,0,0,0,0,0,0,0,0,1,0
1112,encantador,maravilloso,adjectives,3,2,6,3,2,0,3,2,6,6
1113,formal,apropiado,adjectives,4,0,2,3,3,6,0,3,4,5
1114,artificial,0,adjectives,4,4,3,0,4,0,3,5,5,6
1115,aburrido,emocionante,adjectives,0,0,0,0,0,0,0,1,1,0
1116,abierto,no revelado,adjectives,0,0,0,0,0,0,0,0,0,0
1117,modesto,avergonzado,adjectives,0,1,0,0,0,0,0,1,4,2
1118,crédulo,estúpido,adjectives,2,1,5,0,0,0,1,3,5,5
1119,hambriento,sediento,adjectives,0,1,3,0,0,0,0,2,4,2
1120,seguro,tedioso,adjectives,1,0,0,0,0,0,0,0,0,0
1121,sobrio,borracho,adjectives,0,0,0,0,0,0,0,1,1,0
1122,ilegal,inmoral,adjectives,0,2,0,1,0,0,1,2,4,5
1123,malo,horrible,adjectives,3,1,4,1,2,0,2,3,5,4
1124,bien,conocido,adjectives,0,0,0,0,0,0,0,0,1,3
1125,ocupado,perezoso,adjectives,0,0,0,0,0,0,0,0,3,0
1126,crudo,feo,adjectives,0,2,0,0,0,0,0,0,1,2
1127,neutral,indeciso,adjectives,4,2,3,0,0,0,3,0,4,2
1128,antiguo,mezclado,adjectives,0,0,0,0,0,0,0,0,0,0
1129,triste,terrible,adjectives,0,0,1,0,0,0,0,0,3,1
1130,ágil,rápido,adjectives,4,5,5,5,1,0,5,2,5,6
1131,tímido,asustado,adjectives,4,2,3,2,0,0,2,2,3,5
1132,fácil,grande,adjectives,0,0,0,0,0,0,0,0,0,0
1133,derecho,curvo,adjectives,0,0,0,0,0,0,0,1,2,0
1134,pegajoso,mojado,adjectives,0,1,3,0,0,0,0,0,4,0
1135,increíble,ordinario,adjectives,0,0,0,0,0,0,0,0,2,0
1136,violento,enojado,adjectives,1,1,4,1,0,0,1,2,4,5
1137,similar,igual,adjectives,3,1,6,6,5,0,2,3,5,6
1138,emocionado,asustado,adjectives,0,2,4,0,0,0,0,0,2,0
1139,violento,pasivo,adjectives,0,0,0,0,0,0,0,0,2,0
1140,cierto,nervioso,adjectives,0,0,0,0,0,0,0,0,1,0
1141,agresivo,curvo,adjectives,0,0,0,0,0,0,0,0,0,0
1142,legal,permitido,adjectives,4,4,5,6,5,6,0,2,6,5
1143,extraño,impar,adjectives,2,1,3,0,0,0,0,0,4,2
1144,seguro,legal,adjectives,2,0,1,3,0,0,0,0,4,4
1145,radical,violento,adjectives,4,2,5,0,0,0,0,3,5,4
1146,corto,largo,adjectives,0,0,0,0,0,0,0,1,1,0
1147,enfadado,alegre,adjectives,0,0,0,0,0,0,0,1,1,0
1148,valioso,especial,adjectives,4,4,5,5,2,6,4,3,6,5
1149,estrecho,ancho,adjectives,0,0,0,0,0,0,0,1,1,0
1150,preciso,incorrecto,adjectives,0,0,0,0,0,0,0,0,1,0
1151,mezclado,conjunto,adjectives,4,1,4,0,2,0,0,3,5,3
1152,extraño,ordinario,adjectives,0,0,0,0,0,0,0,1,1,0
1153,aburrido,cansado,adjectives,2,0,0,0,0,5,0,0,5,3
1154,flexible,suelto,adjectives,3,2,3,0,0,0,0,0,5,0
1155,tonto,listo,adjectives,0,0,0,0,0,0,0,1,1,0
1156,cierto,seguro,adjectives,5,2,4,3,5,0,0,5,6,4
1157,malo,mediocre,adjectives,1,1,5,2,2,0,4,0,6,6
1158,grande,pesado,adjectives,0,1,1,0,0,0,0,2,4,0
1159,bonito,generoso,adjectives,0,0,0,0,0,0,0,0,1,0
1160,alto,grande,adjectives,2,1,3,2,0,6,2,2,5,4
1161,despreciativo,desdeñoso,adjectives,4,5,5,5,5,0,0,6,6,0
1162,rojo,azul,adjectives,0,0,0,0,0,0,0,1,4,0
1163,astuto,difícil,adjectives,0,0,0,0,0,0,0,0,3,0
1164,violento,suave,adjectives,0,0,0,0,0,0,0,0,2,0
1165,áspero,frígido,adjectives,0,0,0,0,0,0,0,0,5,3
1166,económico,barato,adjectives,5,5,6,0,5,6,6,6,6,6
1167,conocido,nacional,adjectives,0,0,0,0,0,0,0,0,1,3
1168,grosero,crítico,adjectives,0,0,3,0,0,0,0,2,2,2
1169,tonto,inteligente,adjectives,0,0,0,0,0,0,0,5,1,0
1170,flexible,móvil,adjectives,4,2,4,0,0,0,2,2,5,4
1171,pobre,orgulloso,adjectives,0,0,0,0,0,0,0,0,2,0
1172,tímido,costoso,adjectives,0,0,0,0,0,0,0,0,0,4
1173,enfermos,loco,adjectives,0,0,4,0,0,0,1,2,4,3
1174,moderno,antiguo,adjectives,0,0,0,0,0,0,0,1,1,0
1175,bizarro,extraño,adjectives,6,0,6,5,0,6,4,0,6,6
1176,honesto,culpable,adjectives,0,0,0,0,0,0,0,1,0,0
1177,tonto,denso,adjectives,0,0,0,0,0,0,0,0,0,4
1178,quinto,parte superior,adjectives,0,0,0,0,0,0,0,0,1,0
1179,malo,culpable,adjectives,0,1,2,0,0,0,0,3,5,3
1180,precioso,sagrado,adjectives,3,2,2,0,2,0,0,3,5,3
1181,Delgado,esbelto,adjectives,4,3,5,2,0,0,2,5,5,5
1182,limpiar,inmaculado,adjectives,0,0,0,0,3,0,0,3,5,3
1183,privado,público,adjectives,0,0,0,0,0,0,0,1,1,0
1184,agudo,aburrido,adjectives,0,0,0,0,0,0,0,0,0,0
1185,grave,gracioso,adjectives,0,0,0,0,0,0,0,0,0,0
1186,potente,poderoso,adjectives,5,5,3,3,2,0,4,3,6,6
1187,nuevo,antiguo,adjectives,0,0,0,0,0,0,0,1,1,0
1188,precioso,perezoso,adjectives,0,0,0,0,0,0,0,0,0,0
1189,informe,amorfo,adjectives,0,6,0,0,5,0,0,5,6,0
1190,malo,inmoral,adjectives,2,0,3,3,2,0,0,3,6,6
1191,racional,sobrio,adjectives,1,0,4,0,2,0,0,0,1,3
1192,grande,ancho,adjectives,1,3,4,0,0,0,2,2,4,3
1193,crucial,importante,adjectives,3,5,6,5,5,0,4,5,6,5
1194,maravilloso,estupendo,adjectives,5,6,6,5,5,6,4,5,6,6
1195,raro,impar,adjectives,1,1,0,0,0,0,2,0,5,0
1196,feliz,enfadado,adjectives,0,0,0,0,0,0,0,1,1,0
1197,conocido,popular,adjectives,3,4,5,3,5,4,5,4,6,4
1198,curvo,torcido,adjectives,5,3,5,4,3,0,2,5,5,3
1199,necesario,importante,adjectives,4,3,3,5,2,6,0,3,5,4
1200,extramatrimonial,inmencionable,adjectives,0,0,3,0,0,0,0,0,0,0
1201,fuerte,orgulloso,adjectives,1,0,2,0,0,0,0,0,2,5
1202,feliz,joven,adjectives,0,0,0,0,0,0,0,0,1,0
1203,terminado,completar,adjectives,3,1,5,5,4,0,1,6,5,0
1204,tonto,confiado,adjectives,0,0,1,0,0,0,0,0,4,5
1205,menor,significativo,adjectives,0,0,0,0,0,0,0,1,1,0
1206,sucio,increíble,adjectives,0,0,0,0,0,0,0,0,0,0
1207,cargado,pesado,adjectives,4,0,4,4,2,0,3,4,3,5
1208,solitario,pobre,adjectives,0,0,0,0,0,0,0,0,0,3
1209,otro,opuesto,adjectives,1,0,3,0,3,0,0,0,4,0
1210,avergonzado,trastornado,adjectives,2,0,4,0,0,0,0,0,1,0
1211,aparente,obvio,adjectives,5,5,5,5,2,0,4,2,5,5
1212,masivo,astronómico,adjectives,0,3,0,5,1,0,0,0,5,2
1213,exótico,raro,adjectives,5,5,6,4,3,0,4,3,5,6
1214,saliente,bonito,adjectives,0,0,0,0,0,0,0,0,2,3
1215,inquieto,joven,adjectives,0,0,0,0,0,0,0,0,0,2
1216,sucio,estrecho,adjectives,0,0,0,0,0,0,0,0,0,0
1217,mensual,semanal,adjectives,0,0,0,0,0,0,0,1,4,0
1218,esencial,necesario,adjectives,5,5,6,5,5,6,3,5,6,5
1219,relajado,estresado,adjectives,0,0,0,0,0,0,0,1,1,0
1220,grande,enorme,adjectives,3,5,6,6,3,6,6,4,5,6
1221,perceptible,obvio,adjectives,5,1,0,6,3,0,2,4,5,4
1222,estrecho,blanco,adjectives,0,0,0,0,0,0,0,0,0,0
1223,negativo,Nunca,adjectives,0,0,3,0,1,6,0,2,4,0
1224,triste,aburrido,adjectives,1,1,0,0,0,0,0,0,1,2
1225,fácil,flexible,adjectives,4,2,1,0,2,0,0,3,3,3
1226,personal,íntimo,adjectives,5,3,6,5,3,6,4,6,5,6
1227,cubierto,vestido,adjectives,4,0,3,5,0,5,0,4,5,0
1228,bonito,cruel,adjectives,0,0,0,0,0,0,0,0,1,0
1229,obstinado,estúpido,adjectives,1,0,1,0,0,0,0,2,1,2
1230,Fresco,amplio,adjectives,0,0,0,0,0,0,0,0,1,0
1231,necesitado,inseguro,adjectives,2,0,1,0,0,0,0,0,4,0
1232,malo,deshonesto,adjectives,1,0,2,0,1,0,2,4,3,2
1233,hermoso,maravilloso,adjectives,3,5,5,2,0,5,0,3,5,3
1234,brillante,genial,adjectives,4,5,5,3,2,0,0,3,6,5
1235,sucio,barato,adjectives,0,0,0,0,0,0,0,0,0,0
1236,duro,difícil,adjectives,4,5,5,5,4,6,4,5,6,6
1237,agudo,suave,adjectives,4,0,0,0,0,0,0,0,1,0
1238,avergonzado,suerte,adjectives,0,0,0,0,0,0,0,0,0,0
1239,ignorante,regular,adjectives,0,0,0,0,0,0,0,0,0,0
1240,malo,genial,adjectives,0,0,0,0,0,0,0,0,1,0
1241,neutral,calma,adjectives,0,3,3,1,2,0,0,2,0,0
1242,imprevisto,no previsible,adjectives,2,6,6,5,5,6,6,6,6,6
1243,listo,inteligente,adjectives,3,6,5,6,5,6,5,5,6,6
1244,deshonesto,veraz,adjectives,0,0,0,0,0,0,0,0,1,0
1245,astuto,inteligente,adjectives,5,4,5,4,4,6,4,5,5,4
1246,genial,horrible,adjectives,0,0,0,0,0,0,0,1,1,0
1247,estupendo,enojado,adjectives,0,0,0,0,0,0,0,0,1,0
1248,picante,bueno,adjectives,0,0,0,0,0,0,0,0,0,0
1249,gratis,inocente,adjectives,0,0,0,0,0,0,0,0,1,0
1250,rígido,fácil,adjectives,0,0,0,0,0,0,0,0,1,0
1251,templado,agudo,adjectives,0,0,0,0,0,0,0,0,5,0
1252,difícil,denso,adjectives,4,0,2,0,3,0,0,0,6,5
1253,frágil,frígido,adjectives,0,0,0,0,0,0,0,0,0,1
1254,sencillo,fácil,adjectives,6,5,6,5,2,0,5,5,6,6
1255,nuevo,no usado,adjectives,5,5,6,6,6,6,5,6,6,6
1256,diferente,normal,adjectives,0,0,0,0,0,0,0,1,1,0
1257,temeroso,ansioso,adjectives,2,1,1,0,0,0,0,3,4,0
1258,descubierto,cubierto,adjectives,0,0,0,0,0,0,0,1,1,0
1259,agresivo,grosero,adjectives,1,1,4,4,0,6,2,3,1,3
1260,simpático,generoso,adjectives,0,0,4,0,0,6,0,3,4,0
1261,poderoso,débiles,adjectives,0,0,0,0,0,0,0,0,3,0
1262,sucio,feo,adjectives,0,1,0,0,0,0,0,2,1,3
1263,triste,gracioso,adjectives,0,0,0,0,0,0,0,0,1,0
1264,asustado,nervioso,adjectives,2,1,4,3,0,0,4,2,5,0
1265,duro,sencillo,adjectives,0,0,0,0,0,0,0,1,1,0
1266,débiles,picante,adjectives,0,0,0,0,0,0,0,0,0,0
1267,grande,flexible,adjectives,0,0,0,0,0,0,0,0,0,0
1268,innecesario,necesario,adjectives,0,0,0,0,0,0,0,1,1,0
1269,duro,cruel,adjectives,4,1,3,3,2,6,3,3,4,4
1270,impotente,vulnerable,adjectives,3,1,3,0,2,0,0,2,6,0
1271,relajado,calma,adjectives,3,1,6,3,4,0,4,5,5,6
1272,malo,terrible,adjectives,3,2,5,3,3,5,5,5,6,5
1273,Cortés,apropiado,adjectives,5,0,4,2,2,5,0,2,4,5
1274,pequeñito,enano,adjectives,3,5,6,5,3,6,3,5,6,6
1275,feliz,enojado,adjectives,0,0,0,0,0,0,0,1,1,0
1276,poco claro,vago,adjectives,6,2,2,0,5,0,2,0,0,0
1277,feliz,contento,adjectives,5,5,6,3,2,6,3,5,1,6
1278,templado,medio,adjectives,2,1,4,4,4,0,0,3,3,0
1279,eléctrico,dulce,adjectives,0,0,0,0,0,0,0,0,0,0
1280,desformado,uniforme,adjectives,0,0,4,0,0,0,0,1,1,0
1281,antiguo,Fresco,adjectives,0,0,0,0,0,0,0,0,0,0
1282,tortuoso,que no es de fiar,adjectives,0,0,4,0,0,0,0,0,6,0
1283,orgulloso,triste,adjectives,0,0,0,0,0,0,0,0,1,0
1284,escaso,raro,adjectives,6,3,3,4,0,6,2,4,6,6
1285,personal,privado,adjectives,2,5,5,3,4,6,0,5,6,5
1286,infantil,tonto,adjectives,3,1,1,0,0,6,2,0,5,4
1287,impaciente,ansioso,adjectives,5,4,6,4,4,6,3,5,1,4
1288,regular,promedio,adjectives,4,5,5,4,4,6,3,2,5,3
1289,nuevo,Fresco,adjectives,5,3,6,1,4,6,2,3,5,5
1290,minúsculo,enorme,adjectives,0,0,0,0,0,0,0,1,1,0
1291,grosero,ruidoso,adjectives,0,1,4,0,0,0,0,2,2,0
1292,mecánico,eléctrico,adjectives,0,0,4,0,2,0,0,4,2,0
1293,difícil,fácil,adjectives,0,0,0,0,0,0,0,1,1,0
1294,extraño,normal,adjectives,0,0,0,0,0,0,0,1,1,0
1295,saliente,entrante,adjectives,0,0,0,0,0,0,0,1,1,0
1296,limpiar,ordenado,adjectives,1,0,4,1,0,0,0,3,4,0
1297,detener,conducir,verbs,0,0,4,0,0,0,0,1,1,0
1298,proteger,ayuda,verbs,0,0,4,0,0,0,0,2,4,3
1299,olvidar,ignorar,verbs,4,4,4,5,0,0,0,0,4,3
1300,objetivo,golpear,verbs,0,0,3,0,0,0,0,0,1,0
1301,criticar,odiar,verbs,0,0,3,0,0,0,0,0,4,3
1302,ir,entrar,verbs,2,0,4,3,0,0,0,0,2,2
1303,deambular,buscar,verbs,1,0,4,1,0,0,0,0,1,2
1304,depender,confiar,verbs,4,0,5,2,0,0,0,2,5,3
1305,pedir prestado,mendigar,verbs,0,0,4,0,0,0,1,1,5,2
1306,salir,Aparecer,verbs,0,0,3,0,0,0,0,0,3,0
1307,perder,fallar,verbs,1,3,6,4,0,0,0,0,5,6
1308,definir,aclarar,verbs,3,0,5,5,2,6,4,2,5,6
1309,retratar,decidir,verbs,0,0,4,0,0,0,0,0,2,0
1310,entender,perdonar,verbs,0,0,4,0,0,0,0,2,4,0
1311,aceptar,negar,verbs,0,0,0,0,0,0,0,0,1,0
1312,aclarar,explicar,verbs,4,4,4,5,4,6,4,5,6,6
1313,concluir,decidir,verbs,4,1,5,3,4,0,3,0,6,0
1314,recoger,organizar,verbs,0,0,3,3,0,0,2,4,3,0
1315,destruir,hacer,verbs,0,0,1,0,0,0,0,0,1,0
1316,beber,tragar,verbs,0,1,6,0,2,0,0,3,5,5
1317,recibir,captura,verbs,0,0,1,0,0,0,0,0,2,0
1318,enfadar,herir,verbs,2,0,3,4,0,0,0,0,3,0
1319,seguir,perseguir,verbs,4,0,5,4,1,6,3,4,6,4
1320,pedir prestado,desear,verbs,0,0,4,0,0,0,0,0,3,3
1321,disfrutar,odiar,verbs,0,0,0,0,0,0,0,0,1,0
1322,ir,vender,verbs,0,0,1,0,0,0,0,0,0,0
1323,montar,correr,verbs,0,0,2,0,0,0,0,0,2,0
1324,detener,advertir,verbs,0,0,4,0,0,0,0,0,1,2
1325,saludar,realizar,verbs,0,0,3,0,0,0,0,0,0,0
1326,absorber,retirar,verbs,0,0,2,0,0,0,0,0,0,0
1327,testificar,juez,verbs,0,0,5,0,0,0,0,1,3,0
1328,retirar,rechazar,verbs,2,0,5,0,0,0,0,0,3,3
1329,inspeccionar,examinar,verbs,6,0,5,5,5,6,4,6,6,6
1330,creer,sentir,verbs,2,1,4,3,4,0,0,0,4,4
1331,descomponer,destruir,verbs,3,4,4,4,3,0,0,3,6,5
1332,volverse,parecer,verbs,0,0,0,0,0,0,0,0,4,0
1333,cocinar,perder,verbs,0,0,0,0,0,0,0,0,1,0
1334,enterrar,morir,verbs,0,0,5,0,0,0,0,2,3,0
1335,respirar,ahogarse,verbs,0,0,1,0,0,0,0,1,3,0
1336,descubrir,originar,verbs,2,0,4,0,0,0,0,3,2,4
1337,aplazar,terminar,verbs,0,0,4,0,0,0,0,0,1,0
1338,explicar,probar,verbs,4,1,0,3,2,6,2,3,2,0
1339,entregar,llevar,verbs,5,4,6,3,0,6,0,0,3,0
1340,encontrar,desaparecer,verbs,0,0,1,0,0,0,0,0,2,0
1341,detener,silbar,verbs,0,0,2,0,0,0,0,0,3,0
1342,empezar,ir,verbs,1,0,3,0,0,0,0,0,2,0
1343,salir,deambular,verbs,1,0,4,0,2,0,0,0,3,3
1344,dar,prestar,verbs,1,2,3,2,2,0,1,2,6,3
1345,contar,recordar,verbs,0,0,3,0,0,0,0,0,2,3
1346,aprender,educar,verbs,0,1,5,0,0,0,0,2,4,5
1347,desalojar,salir,verbs,5,2,6,0,0,0,3,3,4,3
1348,paga,tratar,verbs,0,0,2,0,0,0,0,0,0,0
1349,pretender,retratar,verbs,0,0,5,0,0,0,0,0,4,0
1350,corregir,evaluar,verbs,0,4,6,4,3,6,4,5,5,6
1351,ir,venir,verbs,0,1,6,0,0,0,0,1,5,0
1352,recoger,salvar,verbs,2,0,5,0,0,0,0,0,0,0
1353,morder,luchar,verbs,0,0,4,0,0,0,0,0,2,0
1354,mentira,pretender,verbs,0,0,4,3,1,0,0,0,4,0
1355,darse cuenta de,descubrir,verbs,5,5,5,3,2,6,5,4,5,6
1356,discutir,persuadir,verbs,1,4,2,0,0,0,2,0,4,0
1357,hervir,freír,verbs,1,1,1,0,0,0,0,1,4,0
1358,excusar,perdonar,verbs,5,1,6,2,2,0,0,1,6,5
1359,vivir,sobrevivir,verbs,1,4,5,1,0,0,2,1,4,3
1360,lograr,tratar,verbs,0,1,3,0,2,0,0,0,3,0
1361,negarse,disminuir,verbs,0,0,0,0,0,0,0,0,1,0
1362,fallar,confiar,verbs,0,0,0,0,0,0,0,0,2,0
1363,sacudir,remover,verbs,1,0,3,2,4,6,0,2,6,5
1364,barajar,montar,verbs,0,0,1,0,0,0,0,0,1,4
1365,desocupar,desalojar,verbs,6,3,5,3,6,6,5,5,6,5
1366,estar de acuerdo,discrepar,verbs,0,0,0,0,0,0,5,1,2,0
1367,obtener,permanecer,verbs,0,0,0,0,0,0,0,0,0,0
1368,lucha,matar,verbs,0,0,1,0,0,0,0,1,3,0
1369,de acuerdo,diferir de,verbs,0,0,0,0,0,0,0,1,2,0
1370,traer,restaurar,verbs,0,0,0,0,0,0,0,0,1,0
1371,tomar,salir,verbs,0,0,3,0,0,0,0,0,1,0
1372,organizar,exigir,verbs,0,0,2,0,0,0,0,0,1,0
1373,tratar,pensar,verbs,0,0,6,0,0,0,0,0,1,0
1374,romper,vestir,verbs,0,0,0,0,0,0,0,0,0,0
1375,analizar,evaluar,verbs,4,5,6,4,3,6,4,4,6,4
1376,unir,casar,verbs,0,3,6,2,4,0,2,3,5,6
1377,reunir,reunirse,verbs,2,2,6,4,2,0,3,0,6,6
1378,irradiar,brillar,verbs,3,2,6,4,3,6,2,4,6,5
1379,adjuntar,unirse,verbs,3,2,6,4,0,0,0,2,4,6
1380,salir,ignorar,verbs,0,0,2,0,0,0,0,0,1,0
1381,culpa,acusar,verbs,0,0,5,4,2,0,0,2,5,6
1382,explorar,descubrir,verbs,3,1,5,3,1,6,0,2,4,6
1383,desear,escoger,verbs,0,1,4,0,2,0,0,0,4,3
1384,tomar,obtener,verbs,4,2,6,2,4,0,0,2,3,6
1385,leer,morder,verbs,0,0,0,0,0,0,0,0,0,0
1386,escuchar,obedecer,verbs,1,1,3,0,0,0,0,1,3,0
1387,demoler,aplastar,verbs,0,2,4,3,2,0,2,2,4,4
1388,asistir,llegar,verbs,3,3,4,2,0,0,0,1,5,4
1389,suponer,predecir,verbs,1,4,5,0,0,0,2,3,6,4
1390,abrazar,abrazo,verbs,5,1,6,6,5,6,4,1,6,6
1391,gestionar,organizar,verbs,5,4,6,4,2,6,3,5,6,4
1392,adquirir,robar,verbs,1,0,0,0,1,0,0,1,4,0
1393,rechazar,condenar,verbs,1,0,4,2,0,0,3,0,6,6
1394,crear,bucear,verbs,0,0,0,0,0,0,0,0,0,0
1395,robar,comprar,verbs,0,0,0,0,0,0,0,0,2,0
1396,morir,desintegrarse,verbs,1,1,1,0,2,0,0,0,2,0
1397,pedir,alegar,verbs,0,0,2,0,1,0,0,0,4,0
1398,enviar,asistir,verbs,0,0,4,0,0,0,0,0,3,0
1399,tomar,aprovechar,verbs,2,0,3,0,0,0,0,0,2,0
1400,cazar,susto,verbs,0,0,0,0,0,0,0,0,1,0
1401,entender,escucha,verbs,2,0,4,0,0,0,0,1,4,0
1402,buscar,encontrar,verbs,0,0,5,2,0,0,0,2,4,0
1403,golpear,ganar,verbs,0,0,1,0,0,0,0,0,2,0
1404,recorrer,levantar,verbs,0,0,0,0,0,0,0,0,1,0
1405,preocuparse,malgastar,verbs,0,0,0,0,0,0,0,0,1,0
1406,limpiar,informar,verbs,0,0,0,0,0,0,0,0,0,0
1407,dar,negar,verbs,0,0,0,0,0,0,0,0,1,0
1408,discutir,pedir,verbs,0,1,2,0,0,0,0,0,3,0
1409,buscar,preguntar,verbs,0,0,3,0,0,0,0,0,4,3
1410,unirse,añadir,verbs,3,2,4,3,2,6,0,1,5,3
1411,frustrar,desalentar,verbs,5,5,5,4,3,3,0,2,5,3
1412,salvar,rescatar,verbs,6,5,6,5,4,6,5,6,6,6
1413,matar,ahogarse,verbs,0,1,5,0,0,0,0,0,4,0
1414,volverse,Aparecer,verbs,0,0,5,0,0,0,0,0,4,0
1415,tomar,entregar,verbs,0,0,5,0,0,0,0,0,4,0
1416,mezcla,beber,verbs,0,0,3,0,0,0,0,0,3,0
1417,verter,gotear,verbs,1,3,2,0,1,0,0,1,4,4
1418,disminución,descender,verbs,0,0,6,3,0,0,2,5,4,6
1419,asumir,pretender,verbs,4,4,2,2,2,3,1,0,5,0
1420,seleccionar,recoger,verbs,5,0,4,0,3,0,0,0,3,3
1421,comportarse,obedecer,verbs,0,5,5,3,2,0,1,5,4,3
1422,añadir,construir,verbs,0,0,1,0,3,0,0,0,4,2
1423,escoger,elegir,verbs,5,5,6,6,6,6,5,6,6,6
1424,mezclar,disolver,verbs,0,3,0,3,3,0,2,4,5,0
1425,perder,sustraer,verbs,1,0,0,0,0,0,0,0,3,0
1426,aceptar,disminuir,verbs,0,0,0,0,0,0,0,0,0,0
1427,alegar,mendigar,verbs,0,0,1,0,0,0,0,0,2,0
1428,ahogar,abrazar,verbs,0,0,5,0,0,0,0,0,2,0
1429,empapar,reducir,verbs,0,0,0,0,0,0,0,0,0,0
1430,obtener,poner,verbs,0,1,0,0,0,0,0,0,1,0
1431,traer,quejar,verbs,0,0,0,0,0,0,0,0,0,0
1432,competir,terminar,verbs,0,0,0,0,0,0,0,0,2,0
1433,involucrarse,casar,verbs,0,0,5,0,0,0,0,0,4,0
1434,quejarse,discutir,verbs,1,3,5,2,0,5,0,2,5,4
1435,ven,asistir,verbs,0,0,5,0,2,0,0,1,6,6
1436,empezar,dejar,verbs,0,0,0,0,0,0,0,0,2,0
1437,perder,mantener,verbs,0,0,0,0,0,0,0,0,1,0
1438,lograr,realizar,verbs,5,6,6,3,3,0,2,3,5,0
1439,cocinar,freír,verbs,4,1,6,2,3,3,0,2,5,2
1440,deber,prestar,verbs,0,0,2,0,0,0,0,0,3,0
1441,rechazar,evitar,verbs,2,1,6,5,2,5,2,0,5,3
1442,dar,pedir prestado,verbs,0,1,4,0,0,0,0,1,4,0
1443,permitir,aprobar,verbs,4,2,5,5,3,0,4,4,4,0
1444,hablar,susurrar,verbs,1,1,5,0,2,0,0,1,5,0
1445,pausa,esperar,verbs,0,0,6,3,1,4,3,1,6,5
1446,dar,poner,verbs,3,0,1,0,0,0,0,0,3,5
1447,investigar,examinar,verbs,6,4,6,4,3,5,2,4,6,4
1448,tomar,recibir,verbs,2,2,5,0,0,0,0,1,1,5
1449,buscar,mirar,verbs,4,0,6,1,0,0,0,1,4,4
1450,practicar,repetir,verbs,1,0,5,2,2,5,1,3,5,3
1451,proteger,defender,verbs,5,5,6,5,5,5,3,5,5,6
1452,castigar,obedecer,verbs,0,0,5,0,0,0,0,1,4,0
1453,unirse,adquirir,verbs,0,0,3,0,2,0,0,0,3,0
1454,aprender,escuchar,verbs,0,0,4,0,0,0,0,2,4,0
1455,escuchar,oír,verbs,4,6,6,4,4,6,5,5,5,6
1456,renunciar,reprimir,verbs,2,1,6,0,0,0,0,0,1,0
1457,reunir,recoger,verbs,4,5,6,3,2,0,0,0,5,6
1458,crecer,incrementar,verbs,3,6,6,3,4,0,3,6,6,3
1459,estar de acuerdo,discutir,verbs,0,0,0,0,0,0,0,1,4,0
1460,agarrar,entender,verbs,0,0,0,0,0,0,0,0,0,0
1461,discutir,justificar,verbs,0,2,1,0,0,0,0,0,4,0
1462,cubrir,enterrar,verbs,4,4,5,2,3,0,1,4,5,6
1463,salir,ir,verbs,2,1,6,4,4,5,2,2,5,3
1464,desconocer,negar,verbs,5,0,1,0,0,5,0,0,4,0
1465,discutir,diferir de,verbs,3,1,3,4,3,0,0,5,5,5
1466,multiplicar,dividir,verbs,0,0,2,0,0,0,0,1,4,0
1467,comprender,satisfacer,verbs,0,0,4,0,0,0,0,0,3,0
1468,ir,enviar,verbs,0,0,4,0,0,0,0,0,3,0
1469,localizar,encontrar,verbs,5,5,6,5,5,6,5,6,5,6
1470,imprimir,ignorar,verbs,0,0,0,0,0,0,0,0,0,0
1471,esforzarse,ejecutar,verbs,0,0,4,0,0,0,0,0,3,0
1472,retratar,notificar,verbs,0,0,4,0,0,0,0,0,2,0
1473,adquirir,recibir,verbs,5,2,6,2,2,0,4,2,4,0
1474,negar,mentir,verbs,0,3,1,0,0,0,0,0,2,6
1475,humillar,comodidad,verbs,0,0,0,0,0,0,0,0,0,0
1476,mendigar,pedir,verbs,2,2,2,3,3,0,5,1,6,4
1477,matar,destruir,verbs,0,1,5,0,3,0,0,1,4,3
1478,dividir,despegar,verbs,3,2,0,0,2,0,0,3,0,2
1479,prohibir,detener,verbs,4,1,2,2,2,5,0,0,5,3
1480,culpar,empujar,verbs,0,0,0,0,0,0,0,0,1,0
1481,oler,mimar,verbs,0,0,0,0,0,0,0,0,0,0
1482,engañar,hacer trampas,verbs,3,2,6,5,2,5,2,4,6,5
1483,arrestar,sospechar,verbs,0,0,4,0,0,0,0,0,4,0
1484,absorber,poseer,verbs,1,0,3,0,1,0,0,1,1,3
1485,aceptar,rechazar,verbs,0,0,0,0,0,0,0,1,1,0
1486,tejer,movimiento,verbs,0,0,1,0,0,0,0,0,2,0
1487,molestar,agravar,verbs,2,1,3,0,0,0,0,0,5,0
1488,hacer,dejar,verbs,0,0,3,0,0,0,0,0,1,0
1489,estar de acuerdo,aceptar,verbs,4,0,6,5,1,6,5,4,5,3
1490,saber,comprender,verbs,0,0,6,4,0,6,0,2,5,6
1491,tomar,poseer,verbs,1,0,6,3,0,0,0,2,4,6
1492,adorar,admirar,verbs,4,5,6,5,3,0,2,4,6,5
1493,estar de acuerdo,complacer,verbs,0,0,5,0,0,0,0,2,4,0
1494,hacer,construir,verbs,3,2,5,2,3,6,2,2,5,4
1495,elegir,rechazar,verbs,0,0,2,0,0,0,0,0,2,0
1496,aplastar,romper,verbs,0,2,5,2,2,0,1,3,4,3
1497,hacer,volverse,verbs,0,0,2,0,0,0,0,0,2,0
1498,destruir,construir,verbs,0,0,0,0,0,0,0,1,1,0
1499,destruir,salvar,verbs,0,0,0,0,0,0,0,0,1,0
1500,dejar,permitir,verbs,4,5,5,5,5,6,4,6,6,5
1501,enjuagar,lavar,verbs,4,2,6,4,2,6,1,4,4,4
1502,dar,saber,verbs,0,0,4,0,0,0,0,0,1,0
1503,retirarse,retirar,verbs,6,1,6,5,3,0,2,2,6,5
1504,estar de acuerdo,vender,verbs,0,0,5,0,0,0,0,0,4,0
1505,olvidar,aprender,verbs,0,0,0,0,0,0,0,0,1,0
1506,asesorar,recomendar,verbs,5,2,5,5,4,6,3,5,6,6
1507,cojear,caminar,verbs,0,1,2,0,0,0,0,1,5,0
1508,odiar,despreciar,verbs,4,4,6,4,1,6,5,4,6,4
1509,pensar,decidir,verbs,0,1,5,0,0,6,0,0,4,0
1510,reducir,encoger,verbs,4,5,5,5,4,5,5,5,6,0
1511,escalar,hacer senderismo,verbs,1,2,3,0,0,0,0,1,4,0
1512,sorber,tragar,verbs,0,1,4,0,0,0,1,2,5,4
1513,adquirir,obtener,verbs,6,5,6,5,4,0,6,6,6,4
1514,caer,herir,verbs,0,0,5,0,0,0,0,2,4,0
1515,pellizcar,dar un puñetazo,verbs,0,0,0,0,0,0,0,0,4,0
1516,pedir,rezar,verbs,0,0,4,0,0,4,2,0,5,0
1517,dar,permitir,verbs,1,1,3,0,0,0,0,0,4,0
1518,ignorar,evitar,verbs,4,4,3,5,0,6,0,5,6,0
1519,salir,reunirse,verbs,1,2,5,0,0,6,0,0,4,0
1520,asumir,predecir,verbs,4,1,5,4,1,5,3,0,5,0
1521,recoger,ganancia,verbs,0,0,3,0,2,0,0,0,3,0
1522,desear,querer,verbs,5,5,6,4,3,6,4,4,6,3
1523,ofender,molestia,verbs,0,0,6,0,2,0,2,0,5,0
1524,contemplar,pensar,verbs,2,0,5,3,0,6,0,4,5,0
1525,aceptar,recomendar,verbs,0,0,4,0,0,0,0,0,4,0
1526,paga,comprar,verbs,0,0,5,0,0,0,0,0,5,0
1527,mezcla,combinar,verbs,4,1,6,4,4,6,3,6,6,3
1528,enviar,recibir,verbs,0,1,0,0,0,0,0,1,4,0
1529,crear,imaginar,verbs,0,2,4,0,0,0,3,1,3,0
1530,lograr,tener éxito,verbs,4,2,6,5,5,6,3,5,6,5
1531,pensar,racionalizar,verbs,5,4,6,3,4,0,4,5,5,5
1532,mantener,dar,verbs,0,0,2,0,2,0,0,0,3,0
1533,hablar,oír,verbs,0,0,2,0,0,0,0,1,4,0
1534,permitir,refutar,verbs,0,0,3,0,0,0,0,0,2,0
1535,satisfacer,complacer,verbs,4,3,6,6,5,6,5,6,6,3
1536,ir,permitir,verbs,0,0,3,0,0,0,0,0,1,0
1537,beber,sorber,verbs,3,4,4,2,2,0,4,3,4,5
1538,controlar,detener,verbs,0,0,3,0,2,0,0,0,5,0
1539,empezar,originar,verbs,5,0,5,6,5,0,4,6,6,3
1540,tener éxito,tratar,verbs,0,1,3,0,0,0,0,0,1,0
1541,luchar,discrepar,verbs,0,1,4,0,0,0,0,0,5,0
1542,entrar,deber,verbs,0,0,0,0,0,0,0,0,0,0
1543,unirse,casarse,verbs,1,1,0,4,3,0,3,4,5,3
1544,reducir,restringir,verbs,4,0,2,4,0,0,3,4,5,0
1545,crear,construir,verbs,5,2,4,3,4,6,3,4,6,3
1546,ganar,tener éxito,verbs,2,2,6,5,2,0,3,5,6,0
1547,comenzar,empezar,verbs,6,6,6,6,5,6,6,6,6,6
1548,sorprender,celebrar,verbs,0,0,3,2,0,0,0,1,4,0
1549,absorber,aprender,verbs,0,0,0,3,2,0,1,3,5,2
1550,nombrar,elegir,verbs,3,2,5,4,3,0,3,6,6,0
1551,deambular,fluir,verbs,0,0,0,0,3,0,0,0,2,0
1552,tomar,robar,verbs,2,1,0,0,2,0,0,1,4,0
1553,ocurrir,suceder,verbs,5,4,6,5,5,6,5,6,6,0
1554,reemplazar,restaurar,verbs,3,1,4,4,0,5,0,2,5,0
1555,esfumarse,desaparecer,verbs,6,6,6,5,6,6,6,6,6,0
1556,hornear,freír,verbs,3,0,5,0,1,0,0,1,4,0
1557,captura,lanzar,verbs,0,0,1,0,0,0,0,0,3,0
1558,garabatear,escribir,verbs,1,1,3,2,1,0,0,1,4,1
1559,pedir prestado,vender,verbs,0,0,0,0,0,0,0,0,4,0
1560,comparar,analizar,verbs,2,5,5,4,0,4,0,0,5,2
1561,ahogar,abrumar,verbs,3,2,5,0,1,0,0,1,4,0
1562,llegar,salir,verbs,0,0,0,0,0,0,0,0,4,0
1563,mantener,proteger,verbs,0,2,2,3,1,5,0,0,5,0
1564,unir,empatar,verbs,5,0,0,0,0,0,3,0,4,0
1565,molestar,herir,verbs,0,2,4,5,2,0,0,0,5,0
1566,despierto,roncar,verbs,0,0,0,0,0,0,0,0,2,0
1567,despreciar,cargar,verbs,0,0,0,0,1,0,0,0,5,0
1568,cerrar,vomitar,verbs,0,0,0,0,0,0,0,0,0,0
1569,sostener,abrazar,verbs,1,1,1,0,3,0,0,2,3,0
1570,implicar,incluir,verbs,4,5,4,5,4,0,2,5,4,0
1571,llevar,traer,verbs,0,1,0,0,0,0,0,1,5,0
1572,chocarse con,aplastar,verbs,0,1,2,0,0,0,0,1,3,0
1573,pensar,preguntar,verbs,0,0,3,0,0,0,0,0,4,0
1574,salir,unirse,verbs,0,0,3,0,0,0,0,0,2,0
1575,dividir,unir,verbs,0,0,0,0,0,0,0,0,2,0
1576,recordar,vender,verbs,0,0,0,0,0,0,0,0,0,0
1577,retirarse,salir,verbs,5,5,5,2,2,0,5,0,5,0
1578,salir,esperar,verbs,0,0,2,0,0,0,0,0,2,0
1579,beber,aumentar,verbs,0,0,0,0,0,0,0,0,0,0
1580,saber,creer,verbs,0,0,2,1,0,0,0,2,4,0
1581,obtener,comprar,verbs,2,0,6,2,3,4,1,4,5,3
1582,poner,colgar,verbs,1,0,4,2,3,5,0,0,5,0
1583,discutir,probar,verbs,0,0,0,0,2,0,0,0,4,0
1584,juzgar,decidir,verbs,5,5,6,1,4,0,0,2,5,0
1585,empujar,tirar,verbs,0,0,6,3,0,6,0,0,2,2
1586,debate,discutir,verbs,4,2,6,3,5,0,3,3,5,4
1587,asistir,discutir,verbs,0,0,0,0,0,0,0,0,2,0
1588,complacer,entretener,verbs,2,3,6,0,0,0,0,0,5,0
1589,promover,avanzar,verbs,4,1,6,2,4,0,0,0,4,3
1590,expandir,crecer,verbs,4,5,6,4,5,5,5,6,6,3
1591,hacer,ganar,verbs,0,0,3,0,0,0,0,0,2,0
1592,recuerda,pensar,verbs,1,1,5,0,1,0,0,0,5,4
1593,acusar,mentir,verbs,0,0,1,0,0,0,0,0,4,0
1594,organizar,volverse,verbs,0,0,1,0,0,0,0,0,1,0
1595,hacer,ocurrir,verbs,2,0,3,0,0,0,0,0,1,0
1596,exprimir,abrazar,verbs,1,0,4,0,2,0,0,0,2,0
1597,realizar,volverse,verbs,0,1,0,0,0,0,0,0,1,0
1598,complacer,alegar,verbs,0,5,2,0,0,0,0,0,0,0
1599,asaltar,agravar,verbs,0,2,3,0,2,0,0,0,3,0
1600,perseguir,persuadir,verbs,0,0,0,0,2,0,0,0,2,0
1601,agrietar,romper,verbs,3,4,4,3,1,0,2,3,4,0
1602,aprender,evaluar,verbs,0,0,5,0,0,0,0,0,4,0
1603,verificar,justificar,verbs,0,3,6,2,0,0,0,2,5,0
1604,evitar,negar,verbs,0,1,1,0,0,0,0,1,4,3
1605,atacar,herir,verbs,4,4,5,3,0,3,0,3,4,0
1606,percibir,oír,verbs,3,2,5,1,1,0,0,3,4,0
1607,lanzar,presionar,verbs,0,0,0,0,0,0,0,0,2,0
1608,aceptar,perdonar,verbs,4,2,6,2,0,6,0,0,4,2
1609,dar,robar,verbs,0,0,0,0,0,0,0,0,1,0
1610,Aparecer,asistir,verbs,1,2,4,1,4,6,0,4,4,1
1611,enseñar,educar,verbs,4,5,6,6,4,6,5,4,6,5
1612,tropezar,caerse,verbs,3,5,6,4,2,6,0,4,4,4
1613,hablar,reconocer,verbs,0,0,0,0,0,0,0,0,2,6
1614,temblar,congelar,verbs,0,1,4,0,0,0,0,0,4,0
1615,recibir,aceptar,verbs,4,2,4,3,0,0,2,4,4,3
1616,evacuar,determinar,verbs,0,0,2,4,0,0,0,0,1,0
1617,vestir,erosionar,verbs,0,0,0,0,0,0,0,0,0,0
1618,matar,defender,verbs,0,0,1,0,0,0,0,0,3,0
1619,levantar,aumentar,verbs,2,2,0,0,2,0,0,0,3,0
1620,jugar,apostar,verbs,1,1,3,1,2,4,0,5,4,6
1621,mantener,pedir prestado,verbs,0,0,0,0,0,0,0,0,2,0
1622,salvar,proteger,verbs,5,4,5,4,0,0,0,2,4,3
1623,perder,obtener,verbs,0,0,0,0,0,0,0,0,2,0
1624,saludar,reunirse,verbs,0,0,0,0,0,0,0,0,4,0
1625,cantar,flotador,verbs,0,0,0,0,0,0,0,0,0,0
1626,asistir,ayudar,verbs,5,5,5,5,5,0,4,5,2,6
1627,decir,verificar,verbs,0,0,4,0,1,0,0,0,3,0
1628,prometer,jurar,verbs,5,5,6,5,5,6,3,6,6,6
1629,chasquear,crujir,verbs,1,4,3,1,2,0,0,3,4,4
1630,remover,mezcla,verbs,1,0,5,4,0,6,0,6,5,4
1631,descender,retirarse,verbs,1,0,4,0,1,0,0,0,3,0
1632,llegar,venir,verbs,3,2,5,1,1,0,0,2,5,0
1633,declarar,anunciar,verbs,4,4,5,4,2,6,0,5,6,5
1634,caminar,estar,verbs,0,0,0,0,0,0,0,0,2,0
1635,fallar,desalentar,verbs,0,1,4,0,0,0,0,0,4,0
1636,insultar,ofender,verbs,5,5,6,5,1,6,2,4,6,5
1637,gastar,salvar,verbs,0,0,0,0,0,0,0,0,1,0
1638,erosionar,descolorarse,verbs,0,1,4,0,0,0,0,0,5,0
1639,encoger,crecer,verbs,0,0,0,0,0,0,0,0,2,0
1640,ignorar,pedir,verbs,0,0,0,0,0,0,0,0,2,0
1641,tener éxito,fallar,verbs,0,0,0,0,0,0,0,0,2,0
1642,enseñar,castigar,verbs,0,1,0,0,0,0,0,0,4,0
1643,informar,notificar,verbs,5,4,6,5,2,6,4,4,6,6
1644,discutir,racionalizar,verbs,4,0,6,0,3,0,0,0,4,4
1645,golpear,azotar,verbs,4,2,6,4,2,4,5,6,5,5
1646,permitir,erosionar,verbs,0,0,0,0,0,0,0,0,0,0
1647,agarrar,apretar,verbs,4,3,3,3,1,0,0,2,4,6
1648,tropezarse,chocarse,verbs,1,1,5,2,0,6,4,0,5,0
1649,matar,colgar,verbs,0,1,1,0,0,0,0,0,3,0
1650,traer,enviar,verbs,0,0,5,0,0,0,0,1,4,0
1651,pedir,reñir,verbs,0,0,2,0,0,0,0,0,3,0
1652,darse prisa,apurarse,verbs,6,6,6,5,5,6,6,6,6,5
1653,huir,escapar,verbs,5,6,6,5,4,6,5,6,6,6
1654,ganar,realizar,verbs,2,4,5,2,3,0,0,0,4,0
1655,negar,admitir,verbs,0,0,0,0,0,0,0,1,1,0
1656,tomar,llevar,verbs,2,1,0,0,0,0,0,0,4,0
1657,reír,cantar,verbs,0,0,0,0,0,0,0,0,4,0
1658,irritar,adivinar,verbs,0,0,0,0,0,0,0,0,0,0
1659,reír,llorar,verbs,0,0,0,0,0,0,0,1,1,0
1660,reunir,asistir,verbs,1,1,1,0,0,0,0,2,4,0
1661,cooperar,participar,verbs,3,3,5,4,4,6,1,4,6,5
1662,decir,participar,verbs,1,2,3,0,1,0,0,0,5,0
1663,ojear,deslumbrar,verbs,0,2,0,0,0,0,0,0,3,0
1664,apestar,oler,verbs,4,0,1,5,2,0,3,1,5,6
1665,investigar,perseguir,verbs,1,1,0,0,2,0,0,1,3,3
1666,reirse,reír,verbs,6,6,6,6,4,5,6,6,6,6
1667,conservar,mantener,verbs,5,5,5,5,5,6,4,4,6,5
1668,empatar,tejer,verbs,0,0,0,0,0,0,0,0,0,0
1669,superar,dominar,verbs,4,4,5,4,1,0,0,0,6,0
1670,recibir,lograr,verbs,0,0,0,0,0,0,0,3,0,0
1671,mantener,poseer,verbs,3,2,4,5,1,6,0,3,2,0
1672,participar,unirse,verbs,4,0,5,4,3,6,0,0,5,3
1673,deteriorarse,limpiar,verbs,0,0,0,0,0,0,0,0,4,0
1674,separar,adjuntar,verbs,0,0,0,0,0,0,0,0,1,0
1675,apreciar,mantener,verbs,0,0,0,0,0,0,0,0,4,0
1676,cocinar,mezclar,verbs,0,1,3,0,0,0,0,2,4,0
1677,criticar,observar,verbs,4,1,1,0,4,0,0,0,4,0
1678,animar,desalentar,verbs,0,0,2,0,0,0,0,0,1,0
1679,salir,entrar,verbs,0,0,0,0,0,0,0,0,1,0
1680,robar,secuestrar,verbs,3,2,3,0,0,0,0,1,4,3
1681,recordar,olvidar,verbs,0,0,0,0,0,0,0,0,1,0
1682,salir,permanecer,verbs,0,0,0,0,0,0,0,0,1,0
1683,perdonar,olvidar,verbs,4,3,2,2,0,0,0,2,5,4
1684,crear,destruir,verbs,0,0,0,0,0,0,0,0,1,0
1685,chillar,gritar,verbs,6,4,6,6,4,6,5,6,5,6
1686,juzgar,acusar,verbs,4,3,5,3,1,0,0,4,5,4
1687,exigir,preguntar,verbs,2,1,4,2,1,0,0,3,4,0
1688,esperar,permanecer,verbs,3,2,5,4,2,0,1,1,5,0
1689,golpear,mezclar,verbs,0,0,0,0,0,0,0,0,0,0
1690,aceptar,creer,verbs,0,0,3,0,3,0,0,0,4,4
1691,buscar,cazar,verbs,3,0,3,0,2,0,2,0,5,2
1692,pretender,parecer,verbs,4,0,4,5,3,0,0,0,5,4
1693,enfadar,desalentar,verbs,2,1,0,0,0,0,0,0,3,0
1694,sacudir,recoger,verbs,0,0,0,0,0,0,0,0,4,0
1695,molestar,interrumpir,verbs,3,2,2,2,2,5,2,2,6,6
1696,venir,traer,verbs,0,1,1,0,0,0,0,0,4,0
1697,terminar,graduarse,verbs,1,2,6,0,1,0,0,2,4,0
1698,crear,hacer,verbs,2,2,6,3,4,6,3,5,5,0
1699,viajar,ir,verbs,4,4,4,1,3,0,2,3,5,3
1700,ganar,dominar,verbs,4,2,5,1,2,0,2,2,6,0
1701,pretender,imaginar,verbs,1,1,3,1,3,0,0,0,4,0
1702,entender,saber,verbs,3,5,5,3,3,3,0,3,5,4
1703,merecer,ganar,verbs,0,2,1,0,0,0,0,4,5,4
1704,separar,salir,verbs,0,1,0,0,0,0,0,0,2,0
1705,exprimir,decir,verbs,0,3,1,0,0,0,0,0,1,0
1706,cubrir,proteger,verbs,5,4,5,3,4,3,2,4,5,3
1707,leer,comprender,verbs,1,1,3,0,0,0,0,3,4,3
1708,irritar,enemistarse,verbs,0,1,3,0,0,0,0,4,4,0
1709,decidir,escoger,verbs,5,4,5,3,4,6,2,3,5,3
1710,adquirir,encontrar,verbs,0,1,4,0,1,0,1,0,4,0
1711,determinar,predecir,verbs,1,1,5,2,2,0,0,0,5,0
1712,discutir,explicar,verbs,2,2,3,0,2,0,0,0,4,0
1713,capturar,perseguir,verbs,0,1,4,0,0,0,0,2,4,0
1714,golpear,atraer,verbs,0,0,0,0,0,0,0,0,1,0
1715,dar,desconocer,verbs,0,0,0,0,0,0,0,0,1,0
1716,quemar,ahogar,verbs,0,0,0,0,0,0,0,0,1,0
1717,nadar,reunirse,verbs,0,0,0,0,0,0,0,0,0,0
1718,comunicar,rezar,verbs,0,1,1,0,0,0,0,0,4,0
1719,aceptar,entregar,verbs,0,0,0,0,0,0,0,0,4,0
1720,olvidar,saber,verbs,0,0,0,0,0,0,0,0,2,0
1721,restaurar,reparar,verbs,4,5,6,4,4,5,3,5,5,6
1722,cooperar,unirse,verbs,4,3,5,4,3,0,0,2,5,5
1723,desorganizado,organizado,verbs,0,0,0,0,0,0,0,0,1,0
1724,permanecer,conservar,verbs,5,3,2,3,3,6,0,2,5,0
1725,capturar,imitar,verbs,0,1,0,1,0,0,0,0,2,0
1726,jugar,lucha,verbs,0,0,0,0,0,0,0,0,4,0
1727,aceptar,reconocer,verbs,4,4,6,4,4,5,5,3,5,6
1728,discutir,grito,verbs,0,1,3,0,0,0,0,1,4,0
1729,llorar,sollozar,verbs,4,4,6,1,3,3,3,5,6,6
1730,disolver,derretir,verbs,3,3,5,1,0,0,0,3,6,4
1731,añadir,dividir,verbs,0,0,0,0,0,0,0,0,3,0
1732,multiplicar,añadir,verbs,0,1,4,1,0,0,0,2,5,0
1733,patear,herir,verbs,1,2,3,1,0,0,0,2,4,0
1734,renunciar,desconocer,verbs,0,0,5,0,0,0,0,0,4,0
1735,reconocer,notificar,verbs,2,1,1,0,2,0,0,0,4,0
1736,aprender,confundir,verbs,0,0,0,0,0,0,0,0,2,0
1737,lloriquear,llorar,verbs,5,5,6,6,3,6,3,4,6,4
1738,sugerir,asesorar,verbs,3,3,6,3,4,5,3,4,5,4
1739,imitar,retratar,verbs,3,1,6,3,3,0,0,0,5,0
1740,disfrutar,entretener,verbs,0,0,4,0,2,0,0,4,6,0
1741,capturar,agarrar,verbs,5,4,5,3,3,0,3,5,5,0
1742,encontrar,escapar,verbs,0,0,0,0,0,0,0,0,3,0
1743,buscar,indagar,verbs,5,4,5,3,3,6,4,3,6,0
1744,convencer,discutir,verbs,3,2,0,2,0,0,0,0,5,0
1745,parcialidad,inclinarse,verbs,0,2,0,1,4,0,3,4,5,0
1746,inferior,reducir,verbs,2,1,2,0,0,0,0,1,4,0
1747,ignorar,explorar,verbs,0,0,0,0,0,0,0,0,2,0
1748,intentar,tener la intención,verbs,4,2,4,3,2,2,0,5,5,5
1749,resolver,terminar,verbs,5,2,3,3,4,0,0,5,4,6
1750,manchar,untar,verbs,0,1,0,0,0,0,0,0,3,0
1751,proclamar,anunciar,verbs,5,4,5,4,4,4,0,4,6,6
1752,tratar,convencer,verbs,0,0,3,0,2,3,0,0,4,4
1753,hacer huelga,perder,verbs,0,0,0,0,0,0,0,0,2,0
1754,vagar,deambular,verbs,5,5,6,5,5,5,3,6,6,6
1755,lanzar,enviar,verbs,2,1,3,4,3,0,0,2,4,4
1756,disfrazar,cubrir,verbs,4,1,1,0,2,0,0,0,5,0
1757,ayudar,pedir,verbs,0,0,1,0,0,0,0,0,4,0
1758,recibir,dar,verbs,0,0,0,0,0,0,0,0,3,0
1759,salvar,ahogar,verbs,0,0,0,0,0,0,0,0,3,0
1760,crear,dibujar,verbs,2,2,3,1,1,0,0,2,4,0
1761,alterar,cambiar,verbs,5,5,3,3,4,2,3,6,6,5
1762,mirar,observar,verbs,5,3,6,3,4,6,0,5,5,5
1763,desaparecer,encoger,verbs,0,0,2,0,0,0,0,0,2,0
1764,castigar,golpear,verbs,0,3,1,0,0,0,0,1,4,4
1765,olvidar,conservar,verbs,0,0,0,0,0,0,0,0,3,0
1766,bien,amablemente,adverbs,0,1,1,0,0,0,0,3,4,0
1767,Nunca,honestamente,adverbs,0,0,0,0,0,0,0,0,2,0
1768,fielmente,honestamente,adverbs,2,5,4,3,0,0,0,3,6,3
1769,significativamente,especialmente,adverbs,2,2,3,4,3,0,0,3,6,3
1770,anormalmente,normalmente,adverbs,0,0,0,0,0,0,0,1,1,0
1771,afirmativamente,probablemente,adverbs,0,1,1,1,1,0,0,1,4,0
1772,precisamente,activamente,adverbs,0,1,3,3,0,0,0,0,3,0
1773,firmemente,herméticamente,adverbs,0,0,0,5,0,0,0,0,1,0
1774,discretamente,cortésmente,adverbs,0,1,2,2,0,3,0,2,3,6
1775,antes de,después,adverbs,0,0,0,0,0,0,0,0,1,0
1776,sin peligro,felizmente,adverbs,0,0,0,0,0,0,0,2,3,0
1777,inmediatamente,pronto,adverbs,4,5,4,5,1,6,2,3,5,6
1778,emocionalmente,tristemente,adverbs,2,3,3,0,1,0,0,0,4,4
1779,principalmente,terminalmente,adverbs,4,0,0,0,0,0,0,0,0,0
1780,precisamente,inexactamente,adverbs,0,0,0,0,0,0,0,0,1,0
1781,después,Nunca,adverbs,0,0,0,0,0,0,0,0,4,0
1782,suavemente,firmemente,adverbs,0,0,0,0,0,0,0,0,3,0
1783,brillantemente,ligeramente,adverbs,0,0,0,0,0,0,0,0,0,0
1784,esta noche,hoy,adverbs,3,2,3,3,0,6,1,2,5,0
1785,localmente,cercanamente,adverbs,4,1,4,3,3,0,0,0,5,0
1786,ahora,aquí,adverbs,3,3,1,1,0,6,0,1,4,0
1787,herméticamente,increíblemente,adverbs,0,0,0,0,0,0,0,0,0,0
1788,ruidosamente,suavemente,adverbs,0,0,0,0,0,0,0,0,1,0
1789,normalmente,diariamente,adverbs,3,3,5,4,3,4,1,3,4,4
1790,peligrosamente,cuidadosamente,adverbs,0,0,0,0,0,0,0,0,3,0
1791,recientemente,de manera realista,adverbs,0,0,0,0,0,0,0,0,0,0
1792,seguramente,responsablemente,adverbs,0,2,0,0,0,0,0,0,2,4
1793,originalmente,creativamente,adverbs,0,5,1,1,0,5,2,0,2,3
1794,necesariamente,esencialmente,adverbs,4,4,6,3,3,5,3,3,5,0
1795,en tono rimbombante,verdaderamente,adverbs,0,0,0,0,0,0,0,0,1,0
1796,mortal,felizmente,adverbs,0,0,0,0,0,0,0,0,1,0
1797,tranquilamente,firmemente,adverbs,0,0,0,0,0,0,0,0,3,5
1798,críticamente,esencialmente,adverbs,5,4,0,0,0,0,0,0,0,0
1799,nerviosamente,ansiosamente,adverbs,4,5,3,3,2,5,3,5,5,6
1800,aproximadamente,fácilmente,adverbs,0,0,0,0,0,0,0,0,2,0
1801,orgullosamente,pacíficamente,adverbs,0,0,0,0,0,0,0,0,2,0
1802,generalmente,sinceramente,adverbs,0,0,0,1,0,6,0,0,1,0
1803,aproximadamente,Impacientemente,adverbs,0,0,0,0,0,0,0,0,1,0
1804,extraordinariamente,extrañamente,adverbs,0,3,5,5,3,0,0,0,5,4
1805,naturalmente,antinaturalmente,adverbs,0,0,0,0,0,0,0,0,1,0
1806,oficialmente,en tono rimbombante,adverbs,0,0,1,0,0,0,0,0,3,0
1807,uniformemente,a veces,adverbs,0,0,0,0,0,0,0,0,2,0
1808,exactamente,precisamente,adverbs,4,6,5,5,3,6,4,6,6,6
1809,aparentemente,simplemente,adverbs,0,0,3,0,0,0,0,0,2,0
1810,claramente,seguramente,adverbs,3,0,6,4,2,4,3,1,4,4
1811,puramente,completamente,adverbs,4,4,1,5,3,0,0,2,4,0
1812,seguramente,obviamente,adverbs,4,3,4,3,1,2,2,2,4,0
1813,generosamente,amablemente,adverbs,4,5,3,2,1,5,3,1,5,4
1814,verdaderamente,perfectamente,adverbs,0,1,1,2,0,0,0,0,5,0
1815,orgullosamente,humildemente,adverbs,0,0,0,0,0,0,0,0,1,0
1816,cómodamente,fácilmente,adverbs,5,3,0,4,4,5,3,4,5,0
1817,diferentemente,extrañamente,adverbs,5,2,2,0,1,0,2,0,4,0
1818,seguramente,a veces,adverbs,0,0,0,2,3,0,0,0,4,0
1819,delicadamente,actualmente,adverbs,0,0,0,0,0,0,0,0,0,0
1820,cuidadosamente,de manera segura,adverbs,4,5,5,3,4,6,2,1,5,4
1821,seriamente,sinceramente,adverbs,5,1,4,4,0,5,0,0,5,0
1822,abiertamente,macizamente,adverbs,0,0,2,0,0,0,0,0,0,0
1823,oficialmente,fuertemente,adverbs,0,0,0,0,0,0,0,0,0,0
1824,instantáneamente,una vez,adverbs,0,0,0,0,0,6,0,0,3,0
1825,increíblemente,muy,adverbs,1,0,0,0,4,0,0,0,0,0
1826,actualmente,recientemente,adverbs,3,4,6,5,0,6,0,2,4,1
1827,últimamente,recientemente,adverbs,5,6,6,5,5,0,5,5,6,6
1828,ligeramente,aproximadamente,adverbs,0,0,0,0,0,0,0,0,4,0
1829,pasivamente,activamente,adverbs,0,0,0,0,0,0,0,0,2,0
1830,quizás,probablemente,adverbs,5,5,4,5,4,5,4,6,4,0
1831,sutilmente,tranquilamente,adverbs,2,0,5,3,0,0,3,1,4,0
1832,aparentemente,obviamente,adverbs,5,3,5,5,2,4,2,0,4,3
1833,ruidosamente,sutilmente,adverbs,0,0,0,0,0,0,0,0,1,0
1834,generalmente,raramente,adverbs,0,0,0,0,0,0,0,0,1,0
1835,a veces,a menudo,adverbs,1,1,4,3,0,3,5,0,5,2
1836,seguramente,pasivamente,adverbs,0,0,0,0,0,0,0,0,0,0
1837,obviamente,en la zona,adverbs,0,0,0,0,0,0,0,0,0,0
1838,humildemente,mal,adverbs,0,0,0,0,1,0,0,0,1,0
1839,probable,posiblemente,adverbs,4,2,6,3,4,4,3,6,5,6
1840,justamente,injustamente,adverbs,0,0,0,0,0,0,0,0,1,0
1841,brillantemente,muy,adverbs,0,0,0,0,2,0,0,0,1,0
1842,idealmente,de modo realista,adverbs,6,0,0,0,0,0,0,0,1,0
1843,a menudo,raramente,adverbs,0,0,6,1,0,0,0,0,1,0
1844,urgentemente,con rapidez,adverbs,4,5,6,5,2,5,0,5,5,6
1845,dos veces,siempre,adverbs,0,0,0,0,0,0,0,0,1,0
1846,mayormente,principalmente,adverbs,5,4,6,5,3,6,3,4,5,6
1847,significativamente,profundamente,adverbs,4,5,3,3,3,0,0,1,3,3
1848,esmeradamente,hermosamente,adverbs,0,0,0,0,2,0,0,3,4,3
1849,cuidadosamente,cautelosamente,adverbs,3,6,6,5,0,5,2,6,6,6
1850,mecánicamente,idealmente,adverbs,0,0,0,0,0,0,0,0,2,0
1851,dos veces,múltiple,adverbs,0,5,2,1,0,0,0,4,2,0
1852,profundamente,principalmente,adverbs,4,1,2,3,0,0,0,0,4,0
1853,a veces,cuando,adverbs,0,0,1,2,3,0,0,0,4,0
1854,negativamente,antinaturalmente,adverbs,0,2,2,3,2,0,0,1,4,5
1855,Nunca,raramente,adverbs,1,1,4,3,1,0,2,3,4,0
1856,responsablemente,independientemente,adverbs,0,5,0,0,0,0,0,0,1,0
1857,activamente,felizmente,adverbs,0,0,1,0,0,0,0,0,0,0
1858,pacíficamente,caóticamente,adverbs,0,0,0,0,0,0,0,0,1,0
1859,aproximadamente,seguramente,adverbs,0,0,3,0,2,3,0,0,4,0
1860,completamente,básicamente,adverbs,4,0,0,0,3,3,0,0,4,0
1861,una vez,dos veces,adverbs,0,1,0,0,0,0,0,0,4,0
1862,con confianza,secretamente,adverbs,0,0,0,0,3,0,0,3,5,0
1863,en tono rimbombante,seriamente,adverbs,0,2,5,2,0,0,0,0,2,0
1864,maduro,inteligentemente,adverbs,0,2,6,0,1,0,0,0,4,0
1865,improbable,simpático,adverbs,0,0,0,0,0,0,0,0,0,0
1866,ligeramente,completamente,adverbs,0,0,0,0,0,0,0,0,1,0
1867,honestamente,sinceramente,adverbs,6,6,6,5,3,4,1,6,6,6
1868,rutinariamente,normalmente,adverbs,6,5,5,5,3,2,0,5,6,5
1869,ocasionalmente,regularmente,adverbs,3,0,2,2,0,3,0,3,4,0
1870,groseramente,aproximadamente,adverbs,0,1,0,0,4,0,0,0,0,0
1871,diferentemente,terminalmente,adverbs,0,0,0,0,0,0,0,0,0,0
1872,tranquilamente,naturalmente,adverbs,0,3,2,0,0,0,0,0,4,5
1873,espantosamente,fantásticamente,adverbs,0,0,0,0,2,0,0,0,2,0
1874,obviamente,discretamente,adverbs,0,3,0,0,0,0,0,0,1,0
1875,posiblemente,con optimismo,adverbs,0,1,2,0,1,4,0,0,3,0
1876,mañana,esta noche,adverbs,0,0,0,0,0,0,0,0,4,0
1877,amablemente,suavemente,adverbs,3,4,0,2,3,0,0,2,4,3
1878,generalmente,irregularmente,adverbs,0,2,0,0,1,2,0,0,1,0
1879,rectamente,maduro,adverbs,0,0,4,0,3,0,0,0,4,0
1880,locamente,tristemente,adverbs,0,0,0,2,1,0,0,0,4,0
1881,sucio,excesivamente,adverbs,0,0,0,0,0,0,0,0,0,0
1882,tranquilamente,pacíficamente,adverbs,4,5,5,5,2,3,4,3,4,4
1883,obviamente,aproximadamente,adverbs,0,0,3,0,0,3,0,0,2,0
1884,pasivamente,silenciosamente,adverbs,0,3,2,0,0,0,0,0,2,0
1885,generosamente,Nunca,adverbs,0,0,0,0,0,0,0,0,0,0
1886,definitivamente,seguramente,adverbs,5,6,6,3,2,4,2,4,4,0
1887,a casa,lejos,adverbs,0,0,0,0,0,0,0,0,1,0
1888,ruidosamente,locamente,adverbs,0,0,3,3,2,0,0,0,3,0
